INFO:root:============================================================
INFO:root:    STARTE META-OPTIMIERUNG (EPSILON & RADIUS)
INFO:root:============================================================
INFO:root:STARTING POINT (15000, 50000)
INFO:root:
--- [Iteration 1/30] ---
INFO:root:Checking north...
INFO:root:Checking northeast...
INFO:root:Checking east...
INFO:root:Checking southeast...
INFO:root:Checking south...
INFO:root:Checking southwest...
INFO:root:Checking west...
INFO:root:Checking northwest...
INFO:root:Found a next Minimum! {'costs': 60.7225422222222, 't_1': 17000, 't_2': 52000, 'small_towers': {Tower(lat=None, lon=None, x=713000, y=5695000, radius=17000), Tower(lat=None, lon=None, x=389000, y=5919000, radius=17000), Tower(lat=None, lon=None, x=309000, y=5623000, radius=17000), Tower(lat=None, lon=None, x=737000, y=5289000, radius=17000), Tower(lat=None, lon=None, x=527000, y=6069000, radius=17000), Tower(lat=None, lon=None, x=599000, y=5289000, radius=17000), Tower(lat=None, lon=None, x=521000, y=5691000, radius=17000), Tower(lat=None, lon=None, x=563000, y=6009000, radius=17000), Tower(lat=None, lon=None, x=519000, y=5277000, radius=17000), Tower(lat=None, lon=None, x=469000, y=5425000, radius=17000), Tower(lat=None, lon=None, x=741000, y=5437000, radius=17000), Tower(lat=None, lon=None, x=319000, y=5509000, radius=17000), Tower(lat=None, lon=None, x=813000, y=5379000, radius=17000), Tower(lat=None, lon=None, x=865000, y=5825000, radius=17000), Tower(lat=None, lon=None, x=425000, y=5701000, radius=17000), Tower(lat=None, lon=None, x=363000, y=5453000, radius=17000), Tower(lat=None, lon=None, x=553000, y=5721000, radius=17000), Tower(lat=None, lon=None, x=565000, y=5501000, radius=17000), Tower(lat=None, lon=None, x=657000, y=5651000, radius=17000), Tower(lat=None, lon=None, x=381000, y=5805000, radius=17000), Tower(lat=None, lon=None, x=805000, y=5823000, radius=17000)}, 'large_towers': {Tower(lat=None, lon=None, x=541000, y=5399000, radius=52000), Tower(lat=None, lon=None, x=685000, y=5375000, radius=52000), Tower(lat=None, lon=None, x=443000, y=5355000, radius=52000), Tower(lat=None, lon=None, x=451000, y=5765000, radius=52000), Tower(lat=None, lon=None, x=753000, y=5981000, radius=52000), Tower(lat=None, lon=None, x=635000, y=5525000, radius=52000), Tower(lat=None, lon=None, x=873000, y=5697000, radius=52000), Tower(lat=None, lon=None, x=451000, y=5497000, radius=52000), Tower(lat=None, lon=None, x=363000, y=5703000, radius=52000), Tower(lat=None, lon=None, x=481000, y=5921000, radius=52000), Tower(lat=None, lon=None, x=573000, y=5791000, radius=52000), Tower(lat=None, lon=None, x=731000, y=5645000, radius=52000), Tower(lat=None, lon=None, x=381000, y=5625000, radius=52000), Tower(lat=None, lon=None, x=609000, y=5935000, radius=52000), Tower(lat=None, lon=None, x=503000, y=5583000, radius=52000), Tower(lat=None, lon=None, x=729000, y=5793000, radius=52000)}, 'problem': <Problem.Problem object at 0x000002509510BFE0>}
INFO:root:
--- [Iteration 2/30] ---
INFO:root:Checking north...
INFO:root:Checking northeast...
INFO:root:Checking east...
INFO:root:Checking southeast...
INFO:root:Checking south...
INFO:root:Checking southwest...
INFO:root:Checking west...
INFO:root:Checking northwest...
INFO:root:No better direction found! Next step size is 1000
INFO:root:
--- [Iteration 3/30] ---
INFO:root:Checking north...
INFO:root:Checking northeast...
INFO:root:Checking east...
INFO:root:Checking southeast...
INFO:root:Checking south...
INFO:root:Checking southwest...
INFO:root:Checking west...
INFO:root:Checking northwest...
INFO:root:Found a next Minimum! {'costs': 60.441714567901215, 't_1': 16000, 't_2': 52000, 'small_towers': {Tower(lat=None, lon=None, x=423000, y=5699000, radius=16000), Tower(lat=None, lon=None, x=525000, y=5673000, radius=16000), Tower(lat=None, lon=None, x=519000, y=6059000, radius=16000), Tower(lat=None, lon=None, x=383000, y=5805000, radius=16000), Tower(lat=None, lon=None, x=309000, y=5627000, radius=16000), Tower(lat=None, lon=None, x=365000, y=5915000, radius=16000), Tower(lat=None, lon=None, x=797000, y=5827000, radius=16000), Tower(lat=None, lon=None, x=869000, y=5801000, radius=16000), Tower(lat=None, lon=None, x=315000, y=5509000, radius=16000), Tower(lat=None, lon=None, x=657000, y=5655000, radius=16000), Tower(lat=None, lon=None, x=343000, y=5461000, radius=16000), Tower(lat=None, lon=None, x=813000, y=5389000, radius=16000), Tower(lat=None, lon=None, x=723000, y=5449000, radius=16000), Tower(lat=None, lon=None, x=573000, y=6005000, radius=16000), Tower(lat=None, lon=None, x=691000, y=5543000, radius=16000), Tower(lat=None, lon=None, x=549000, y=5711000, radius=16000), Tower(lat=None, lon=None, x=729000, y=5291000, radius=16000), Tower(lat=None, lon=None, x=463000, y=5419000, radius=16000), Tower(lat=None, lon=None, x=697000, y=5703000, radius=16000), Tower(lat=None, lon=None, x=525000, y=5281000, radius=16000), Tower(lat=None, lon=None, x=593000, y=5297000, radius=16000)}, 'large_towers': {Tower(lat=None, lon=None, x=429000, y=5353000, radius=52000), Tower(lat=None, lon=None, x=451000, y=5765000, radius=52000), Tower(lat=None, lon=None, x=727000, y=5799000, radius=52000), Tower(lat=None, lon=None, x=451000, y=5507000, radius=52000), Tower(lat=None, lon=None, x=873000, y=5697000, radius=52000), Tower(lat=None, lon=None, x=615000, y=5503000, radius=52000), Tower(lat=None, lon=None, x=543000, y=5399000, radius=52000), Tower(lat=None, lon=None, x=613000, y=5937000, radius=52000), Tower(lat=None, lon=None, x=687000, y=5365000, radius=52000), Tower(lat=None, lon=None, x=573000, y=5791000, radius=52000), Tower(lat=None, lon=None, x=503000, y=5585000, radius=52000), Tower(lat=None, lon=None, x=381000, y=5625000, radius=52000), Tower(lat=None, lon=None, x=747000, y=5981000, radius=52000), Tower(lat=None, lon=None, x=733000, y=5645000, radius=52000), Tower(lat=None, lon=None, x=483000, y=5917000, radius=52000), Tower(lat=None, lon=None, x=361000, y=5701000, radius=52000)}, 'problem': <Problem.Problem object at 0x000002514129FFE0>}
INFO:root:
--- [Iteration 4/30] ---
INFO:root:Checking north...
INFO:root:Checking northeast...
INFO:root:Checking east...
INFO:root:Checking southeast...
INFO:root:Checking south...
INFO:root:Checking southwest...
INFO:root:Checking west...
INFO:root:Checking northwest...
INFO:root:No better direction found! Next step size is 500
INFO:root:
--- [Iteration 5/30] ---
INFO:root:Checking north...
INFO:root:Checking northeast...
INFO:root:Checking east...
INFO:root:Checking southeast...
INFO:root:Checking south...
INFO:root:Checking southwest...
INFO:root:Checking west...
INFO:root:Checking northwest...
INFO:root:Found a next Minimum! {'costs': 60.43978728101118, 't_1': 16000, 't_2': 51500, 'small_towers': {Tower(lat=None, lon=None, x=309000, y=5625000, radius=16000), Tower(lat=None, lon=None, x=727000, y=5293000, radius=16000), Tower(lat=None, lon=None, x=347000, y=5455000, radius=16000), Tower(lat=None, lon=None, x=867000, y=5817000, radius=16000), Tower(lat=None, lon=None, x=515000, y=6073000, radius=16000), Tower(lat=None, lon=None, x=813000, y=5387000, radius=16000), Tower(lat=None, lon=None, x=557000, y=5521000, radius=16000), Tower(lat=None, lon=None, x=471000, y=5429000, radius=16000), Tower(lat=None, lon=None, x=383000, y=5805000, radius=16000), Tower(lat=None, lon=None, x=425000, y=5693000, radius=16000), Tower(lat=None, lon=None, x=567000, y=6007000, radius=16000), Tower(lat=None, lon=None, x=797000, y=5827000, radius=16000), Tower(lat=None, lon=None, x=323000, y=5519000, radius=16000), Tower(lat=None, lon=None, x=723000, y=5443000, radius=16000), Tower(lat=None, lon=None, x=653000, y=5641000, radius=16000), Tower(lat=None, lon=None, x=691000, y=5709000, radius=16000), Tower(lat=None, lon=None, x=529000, y=5277000, radius=16000), Tower(lat=None, lon=None, x=389000, y=5907000, radius=16000), Tower(lat=None, lon=None, x=613000, y=5293000, radius=16000)}, 'large_towers': {Tower(lat=None, lon=None, x=613000, y=5937000, radius=51500), Tower(lat=None, lon=None, x=541000, y=5733000, radius=51500), Tower(lat=None, lon=None, x=381000, y=5627000, radius=51500), Tower(lat=None, lon=None, x=499000, y=5585000, radius=51500), Tower(lat=None, lon=None, x=361000, y=5703000, radius=51500), Tower(lat=None, lon=None, x=587000, y=5825000, radius=51500), Tower(lat=None, lon=None, x=729000, y=5795000, radius=51500), Tower(lat=None, lon=None, x=453000, y=5763000, radius=51500), Tower(lat=None, lon=None, x=727000, y=5643000, radius=51500), Tower(lat=None, lon=None, x=541000, y=5399000, radius=51500), Tower(lat=None, lon=None, x=635000, y=5529000, radius=51500), Tower(lat=None, lon=None, x=427000, y=5353000, radius=51500), Tower(lat=None, lon=None, x=447000, y=5511000, radius=51500), Tower(lat=None, lon=None, x=691000, y=5357000, radius=51500), Tower(lat=None, lon=None, x=465000, y=5921000, radius=51500), Tower(lat=None, lon=None, x=873000, y=5697000, radius=51500), Tower(lat=None, lon=None, x=753000, y=5983000, radius=51500)}, 'problem': <Problem.Problem object at 0x00000251BF31FFE0>}
INFO:root:
--- [Iteration 6/30] ---
INFO:root:Checking north...
INFO:root:Checking northeast...
INFO:root:Checking east...
INFO:root:Checking southeast...
INFO:root:Checking south...
INFO:root:Checking southwest...
INFO:root:Checking west...
INFO:root:Checking northwest...
INFO:root:No better direction found! Next step size is 250
INFO:root:
--- [Iteration 7/30] ---
INFO:root:Checking north...
INFO:root:Checking northeast...
INFO:root:Checking east...
INFO:root:Checking southeast...
INFO:root:Checking south...
INFO:root:Checking southwest...
INFO:root:Checking west...
INFO:root:Checking northwest...
INFO:root:Found a next Minimum! {'costs': 60.38407973618461, 't_1': 15750, 't_2': 51500, 'small_towers': {Tower(lat=None, lon=None, x=351000, y=5451000, radius=15750), Tower(lat=None, lon=None, x=863000, y=5811000, radius=15750), Tower(lat=None, lon=None, x=803000, y=5823000, radius=15750), Tower(lat=None, lon=None, x=719000, y=5307000, radius=15750), Tower(lat=None, lon=None, x=383000, y=5805000, radius=15750), Tower(lat=None, lon=None, x=709000, y=5697000, radius=15750), Tower(lat=None, lon=None, x=695000, y=5537000, radius=15750), Tower(lat=None, lon=None, x=521000, y=5281000, radius=15750), Tower(lat=None, lon=None, x=309000, y=5633000, radius=15750), Tower(lat=None, lon=None, x=469000, y=5421000, radius=15750), Tower(lat=None, lon=None, x=653000, y=5639000, radius=15750), Tower(lat=None, lon=None, x=573000, y=6005000, radius=15750), Tower(lat=None, lon=None, x=329000, y=5507000, radius=15750), Tower(lat=None, lon=None, x=373000, y=5907000, radius=15750), Tower(lat=None, lon=None, x=717000, y=5443000, radius=15750), Tower(lat=None, lon=None, x=421000, y=5695000, radius=15750), Tower(lat=None, lon=None, x=587000, y=5291000, radius=15750), Tower(lat=None, lon=None, x=521000, y=6061000, radius=15750), Tower(lat=None, lon=None, x=823000, y=5395000, radius=15750)}, 'large_towers': {Tower(lat=None, lon=None, x=501000, y=5581000, radius=51500), Tower(lat=None, lon=None, x=441000, y=5359000, radius=51500), Tower(lat=None, lon=None, x=545000, y=5731000, radius=51500), Tower(lat=None, lon=None, x=381000, y=5627000, radius=51500), Tower(lat=None, lon=None, x=587000, y=5825000, radius=51500), Tower(lat=None, lon=None, x=361000, y=5703000, radius=51500), Tower(lat=None, lon=None, x=485000, y=5919000, radius=51500), Tower(lat=None, lon=None, x=729000, y=5795000, radius=51500), Tower(lat=None, lon=None, x=453000, y=5763000, radius=51500), Tower(lat=None, lon=None, x=455000, y=5501000, radius=51500), Tower(lat=None, lon=None, x=541000, y=5399000, radius=51500), Tower(lat=None, lon=None, x=749000, y=5981000, radius=51500), Tower(lat=None, lon=None, x=683000, y=5375000, radius=51500), Tower(lat=None, lon=None, x=731000, y=5647000, radius=51500), Tower(lat=None, lon=None, x=871000, y=5697000, radius=51500), Tower(lat=None, lon=None, x=611000, y=5945000, radius=51500), Tower(lat=None, lon=None, x=611000, y=5509000, radius=51500)}, 'problem': <Problem.Problem object at 0x00000252126AFFE0>}
INFO:root:
--- [Iteration 8/30] ---
INFO:root:Checking north...
INFO:root:Checking northeast...
INFO:root:Checking east...
INFO:root:Checking southeast...
INFO:root:Checking south...
INFO:root:Checking southwest...
INFO:root:Checking west...
INFO:root:Checking northwest...
INFO:root:No better direction found! Next step size is 125
INFO:root:
--- [Iteration 9/30] ---
INFO:root:Checking north...
INFO:root:Checking northeast...
INFO:root:Checking east...
INFO:root:Checking southeast...
INFO:root:Checking south...
INFO:root:Checking southwest...
INFO:root:Checking west...
INFO:root:Checking northwest...
INFO:root:No better direction found! Next step size is 62
INFO:root:
--- [Iteration 10/30] ---
INFO:root:Checking north...
INFO:root:Checking northeast...
INFO:root:Checking east...
INFO:root:Checking southeast...
INFO:root:Checking south...
INFO:root:Checking southwest...
INFO:root:Checking west...
INFO:root:Checking northwest...
INFO:root:Found a next Minimum! {'costs': 60.37072909507654, 't_1': 15688, 't_2': 51500, 'small_towers': {Tower(lat=None, lon=None, x=873000, y=5813000, radius=15688), Tower(lat=None, lon=None, x=603000, y=5289000, radius=15688), Tower(lat=None, lon=None, x=429000, y=5699000, radius=15688), Tower(lat=None, lon=None, x=309000, y=5631000, radius=15688), Tower(lat=None, lon=None, x=347000, y=5461000, radius=15688), Tower(lat=None, lon=None, x=723000, y=5433000, radius=15688), Tower(lat=None, lon=None, x=803000, y=5821000, radius=15688), Tower(lat=None, lon=None, x=693000, y=5701000, radius=15688), Tower(lat=None, lon=None, x=561000, y=5515000, radius=15688), Tower(lat=None, lon=None, x=521000, y=5279000, radius=15688), Tower(lat=None, lon=None, x=383000, y=5805000, radius=15688), Tower(lat=None, lon=None, x=319000, y=5523000, radius=15688), Tower(lat=None, lon=None, x=567000, y=6007000, radius=15688), Tower(lat=None, lon=None, x=467000, y=5419000, radius=15688), Tower(lat=None, lon=None, x=541000, y=6065000, radius=15688), Tower(lat=None, lon=None, x=733000, y=5297000, radius=15688), Tower(lat=None, lon=None, x=813000, y=5389000, radius=15688), Tower(lat=None, lon=None, x=367000, y=5909000, radius=15688), Tower(lat=None, lon=None, x=649000, y=5645000, radius=15688)}, 'large_towers': {Tower(lat=None, lon=None, x=445000, y=5507000, radius=51500), Tower(lat=None, lon=None, x=869000, y=5697000, radius=51500), Tower(lat=None, lon=None, x=545000, y=5401000, radius=51500), Tower(lat=None, lon=None, x=635000, y=5527000, radius=51500), Tower(lat=None, lon=None, x=381000, y=5627000, radius=51500), Tower(lat=None, lon=None, x=587000, y=5827000, radius=51500), Tower(lat=None, lon=None, x=731000, y=5645000, radius=51500), Tower(lat=None, lon=None, x=361000, y=5703000, radius=51500), Tower(lat=None, lon=None, x=729000, y=5795000, radius=51500), Tower(lat=None, lon=None, x=453000, y=5763000, radius=51500), Tower(lat=None, lon=None, x=755000, y=5985000, radius=51500), Tower(lat=None, lon=None, x=433000, y=5355000, radius=51500), Tower(lat=None, lon=None, x=553000, y=5731000, radius=51500), Tower(lat=None, lon=None, x=687000, y=5379000, radius=51500), Tower(lat=None, lon=None, x=509000, y=5585000, radius=51500), Tower(lat=None, lon=None, x=611000, y=5933000, radius=51500), Tower(lat=None, lon=None, x=463000, y=5921000, radius=51500)}, 'problem': <Problem.Problem object at 0x000002525E5885F0>}
INFO:root:
--- [Iteration 11/30] ---
INFO:root:Checking north...
INFO:root:Checking northeast...
INFO:root:Checking east...
INFO:root:Checking southeast...
INFO:root:Checking south...
INFO:root:Checking southwest...
INFO:root:Checking west...
INFO:root:Checking northwest...
INFO:root:No better direction found! Next step size is 31
INFO:root:
--- [Iteration 12/30] ---
INFO:root:Checking north...
INFO:root:Checking northeast...
INFO:root:Checking east...
INFO:root:Checking southeast...
INFO:root:Checking south...
INFO:root:Checking southwest...
INFO:root:Checking west...
INFO:root:Checking northwest...
INFO:root:Found a next Minimum! {'costs': 60.32115615861259, 't_1': 15657, 't_2': 51469, 'small_towers': {Tower(lat=None, lon=None, x=309000, y=5629000, radius=15657), Tower(lat=None, lon=None, x=591000, y=5299000, radius=15657), Tower(lat=None, lon=None, x=465000, y=5417000, radius=15657), Tower(lat=None, lon=None, x=423000, y=5697000, radius=15657), Tower(lat=None, lon=None, x=721000, y=5445000, radius=15657), Tower(lat=None, lon=None, x=799000, y=5829000, radius=15657), Tower(lat=None, lon=None, x=701000, y=5721000, radius=15657), Tower(lat=None, lon=None, x=345000, y=5463000, radius=15657), Tower(lat=None, lon=None, x=813000, y=5385000, radius=15657), Tower(lat=None, lon=None, x=523000, y=6061000, radius=15657), Tower(lat=None, lon=None, x=735000, y=5301000, radius=15657), Tower(lat=None, lon=None, x=389000, y=5923000, radius=15657), Tower(lat=None, lon=None, x=649000, y=5649000, radius=15657), Tower(lat=None, lon=None, x=383000, y=5805000, radius=15657), Tower(lat=None, lon=None, x=685000, y=5547000, radius=15657), Tower(lat=None, lon=None, x=865000, y=5813000, radius=15657), Tower(lat=None, lon=None, x=523000, y=5287000, radius=15657), Tower(lat=None, lon=None, x=323000, y=5513000, radius=15657), Tower(lat=None, lon=None, x=573000, y=6005000, radius=15657)}, 'large_towers': {Tower(lat=None, lon=None, x=729000, y=5795000, radius=51469), Tower(lat=None, lon=None, x=727000, y=5645000, radius=51469), Tower(lat=None, lon=None, x=453000, y=5763000, radius=51469), Tower(lat=None, lon=None, x=447000, y=5503000, radius=51469), Tower(lat=None, lon=None, x=463000, y=5923000, radius=51469), Tower(lat=None, lon=None, x=545000, y=5401000, radius=51469), Tower(lat=None, lon=None, x=871000, y=5697000, radius=51469), Tower(lat=None, lon=None, x=583000, y=5785000, radius=51469), Tower(lat=None, lon=None, x=751000, y=5979000, radius=51469), Tower(lat=None, lon=None, x=507000, y=5587000, radius=51469), Tower(lat=None, lon=None, x=613000, y=5515000, radius=51469), Tower(lat=None, lon=None, x=543000, y=5725000, radius=51469), Tower(lat=None, lon=None, x=381000, y=5627000, radius=51469), Tower(lat=None, lon=None, x=427000, y=5355000, radius=51469), Tower(lat=None, lon=None, x=613000, y=5937000, radius=51469), Tower(lat=None, lon=None, x=689000, y=5363000, radius=51469), Tower(lat=None, lon=None, x=361000, y=5703000, radius=51469)}, 'problem': <Problem.Problem object at 0x00000252C071A150>}
INFO:root:
--- [Iteration 13/30] ---
INFO:root:Checking north...
INFO:root:Checking northeast...
INFO:root:Checking east...
INFO:root:Checking southeast...
INFO:root:Checking south...
INFO:root:Checking southwest...
INFO:root:Checking west...
INFO:root:Checking northwest...
INFO:root:No better direction found! Next step size is 16
INFO:root:
--- [Iteration 14/30] ---
INFO:root:Checking north...
INFO:root:Checking northeast...
INFO:root:Checking east...
INFO:root:Checking southeast...
INFO:root:Checking south...
INFO:root:Checking southwest...
INFO:root:Checking west...
INFO:root:Checking northwest...
INFO:root:Found a next Minimum! {'costs': 60.29561669843331, 't_1': 15641, 't_2': 51453, 'small_towers': {Tower(lat=None, lon=None, x=567000, y=6007000, radius=15641), Tower(lat=None, lon=None, x=309000, y=5633000, radius=15641), Tower(lat=None, lon=None, x=469000, y=5421000, radius=15641), Tower(lat=None, lon=None, x=655000, y=5645000, radius=15641), Tower(lat=None, lon=None, x=719000, y=5439000, radius=15641), Tower(lat=None, lon=None, x=817000, y=5383000, radius=15641), Tower(lat=None, lon=None, x=583000, y=5287000, radius=15641), Tower(lat=None, lon=None, x=425000, y=5695000, radius=15641), Tower(lat=None, lon=None, x=555000, y=5511000, radius=15641), Tower(lat=None, lon=None, x=719000, y=5715000, radius=15641), Tower(lat=None, lon=None, x=319000, y=5525000, radius=15641), Tower(lat=None, lon=None, x=525000, y=5285000, radius=15641), Tower(lat=None, lon=None, x=799000, y=5829000, radius=15641), Tower(lat=None, lon=None, x=731000, y=5295000, radius=15641), Tower(lat=None, lon=None, x=379000, y=5919000, radius=15641), Tower(lat=None, lon=None, x=863000, y=5811000, radius=15641), Tower(lat=None, lon=None, x=351000, y=5465000, radius=15641), Tower(lat=None, lon=None, x=523000, y=6063000, radius=15641), Tower(lat=None, lon=None, x=383000, y=5805000, radius=15641)}, 'large_towers': {Tower(lat=None, lon=None, x=361000, y=5703000, radius=51453), Tower(lat=None, lon=None, x=453000, y=5763000, radius=51453), Tower(lat=None, lon=None, x=381000, y=5627000, radius=51453), Tower(lat=None, lon=None, x=727000, y=5643000, radius=51453), Tower(lat=None, lon=None, x=747000, y=5979000, radius=51453), Tower(lat=None, lon=None, x=539000, y=5735000, radius=51453), Tower(lat=None, lon=None, x=483000, y=5923000, radius=51453), Tower(lat=None, lon=None, x=441000, y=5509000, radius=51453), Tower(lat=None, lon=None, x=587000, y=5827000, radius=51453), Tower(lat=None, lon=None, x=871000, y=5697000, radius=51453), Tower(lat=None, lon=None, x=683000, y=5385000, radius=51453), Tower(lat=None, lon=None, x=545000, y=5401000, radius=51453), Tower(lat=None, lon=None, x=501000, y=5583000, radius=51453), Tower(lat=None, lon=None, x=635000, y=5527000, radius=51453), Tower(lat=None, lon=None, x=613000, y=5933000, radius=51453), Tower(lat=None, lon=None, x=729000, y=5795000, radius=51453), Tower(lat=None, lon=None, x=443000, y=5351000, radius=51453)}, 'problem': <Problem.Problem object at 0x00000252D5CB34D0>}
INFO:root:
--- [Iteration 15/30] ---
INFO:root:Checking north...
INFO:root:Checking northeast...
INFO:root:Checking east...
INFO:root:Checking southeast...
INFO:root:Checking south...
INFO:root:Checking southwest...
INFO:root:Checking west...
INFO:root:Checking northwest...
INFO:root:No better direction found! Next step size is 8
INFO:root:
--- [Iteration 16/30] ---
INFO:root:Checking north...
INFO:root:Checking northeast...
INFO:root:Checking east...
INFO:root:Checking southeast...
INFO:root:Checking south...
INFO:root:Checking southwest...
INFO:root:Checking west...
INFO:root:Checking northwest...
INFO:root:No better direction found! Next step size is 4
INFO:root:
--- [Iteration 17/30] ---
INFO:root:Checking north...
INFO:root:Checking northeast...
INFO:root:Checking east...
INFO:root:Checking southeast...
INFO:root:Checking south...
INFO:root:Checking southwest...
INFO:root:Checking west...
INFO:root:Checking northwest...
INFO:root:Found a next Minimum! {'costs': 60.29008292583046, 't_1': 15641, 't_2': 51449, 'small_towers': {Tower(lat=None, lon=None, x=713000, y=5713000, radius=15641), Tower(lat=None, lon=None, x=345000, y=5451000, radius=15641), Tower(lat=None, lon=None, x=467000, y=5419000, radius=15641), Tower(lat=None, lon=None, x=657000, y=5655000, radius=15641), Tower(lat=None, lon=None, x=603000, y=5275000, radius=15641), Tower(lat=None, lon=None, x=745000, y=5315000, radius=15641), Tower(lat=None, lon=None, x=523000, y=5283000, radius=15641), Tower(lat=None, lon=None, x=309000, y=5631000, radius=15641), Tower(lat=None, lon=None, x=383000, y=5927000, radius=15641), Tower(lat=None, lon=None, x=425000, y=5693000, radius=15641), Tower(lat=None, lon=None, x=681000, y=5529000, radius=15641), Tower(lat=None, lon=None, x=815000, y=5395000, radius=15641), Tower(lat=None, lon=None, x=867000, y=5803000, radius=15641), Tower(lat=None, lon=None, x=803000, y=5823000, radius=15641), Tower(lat=None, lon=None, x=521000, y=6071000, radius=15641), Tower(lat=None, lon=None, x=719000, y=5445000, radius=15641), Tower(lat=None, lon=None, x=319000, y=5523000, radius=15641), Tower(lat=None, lon=None, x=383000, y=5805000, radius=15641), Tower(lat=None, lon=None, x=565000, y=6007000, radius=15641)}, 'large_towers': {Tower(lat=None, lon=None, x=575000, y=5807000, radius=51449), Tower(lat=None, lon=None, x=381000, y=5627000, radius=51449), Tower(lat=None, lon=None, x=611000, y=5931000, radius=51449), Tower(lat=None, lon=None, x=729000, y=5795000, radius=51449), Tower(lat=None, lon=None, x=361000, y=5701000, radius=51449), Tower(lat=None, lon=None, x=751000, y=5981000, radius=51449), Tower(lat=None, lon=None, x=453000, y=5763000, radius=51449), Tower(lat=None, lon=None, x=685000, y=5373000, radius=51449), Tower(lat=None, lon=None, x=453000, y=5503000, radius=51449), Tower(lat=None, lon=None, x=479000, y=5919000, radius=51449), Tower(lat=None, lon=None, x=511000, y=5587000, radius=51449), Tower(lat=None, lon=None, x=611000, y=5503000, radius=51449), Tower(lat=None, lon=None, x=439000, y=5361000, radius=51449), Tower(lat=None, lon=None, x=543000, y=5731000, radius=51449), Tower(lat=None, lon=None, x=871000, y=5697000, radius=51449), Tower(lat=None, lon=None, x=733000, y=5647000, radius=51449), Tower(lat=None, lon=None, x=539000, y=5397000, radius=51449)}, 'problem': <Problem.Problem object at 0x00000252D5CB0320>}
INFO:root:
--- [Iteration 18/30] ---
INFO:root:Checking north...
INFO:root:Checking northeast...
INFO:root:Checking east...
INFO:root:Checking southeast...
INFO:root:Checking south...
INFO:root:Checking southwest...
INFO:root:Checking west...
INFO:root:Checking northwest...
INFO:root:No better direction found! Next step size is 2
INFO:root:
--- [Iteration 19/30] ---
INFO:root:Checking north...
INFO:root:Checking northeast...
INFO:root:Checking east...
INFO:root:Checking southeast...
INFO:root:Checking south...
INFO:root:Checking southwest...
INFO:root:Checking west...
INFO:root:Checking northwest...
INFO:root:Found a next Minimum! {'costs': 60.28689333402248, 't_1': 15639, 't_2': 51447, 'small_towers': {Tower(lat=None, lon=None, x=525000, y=6069000, radius=15639), Tower(lat=None, lon=None, x=717000, y=5705000, radius=15639), Tower(lat=None, lon=None, x=729000, y=5291000, radius=15639), Tower(lat=None, lon=None, x=557000, y=5519000, radius=15639), Tower(lat=None, lon=None, x=877000, y=5805000, radius=15639), Tower(lat=None, lon=None, x=323000, y=5523000, radius=15639), Tower(lat=None, lon=None, x=655000, y=5649000, radius=15639), Tower(lat=None, lon=None, x=423000, y=5699000, radius=15639), Tower(lat=None, lon=None, x=599000, y=5289000, radius=15639), Tower(lat=None, lon=None, x=521000, y=5279000, radius=15639), Tower(lat=None, lon=None, x=463000, y=5415000, radius=15639), Tower(lat=None, lon=None, x=803000, y=5823000, radius=15639), Tower(lat=None, lon=None, x=383000, y=5805000, radius=15639), Tower(lat=None, lon=None, x=813000, y=5393000, radius=15639), Tower(lat=None, lon=None, x=309000, y=5633000, radius=15639), Tower(lat=None, lon=None, x=719000, y=5439000, radius=15639), Tower(lat=None, lon=None, x=343000, y=5455000, radius=15639), Tower(lat=None, lon=None, x=367000, y=5909000, radius=15639), Tower(lat=None, lon=None, x=569000, y=6005000, radius=15639)}, 'large_towers': {Tower(lat=None, lon=None, x=733000, y=5645000, radius=51447), Tower(lat=None, lon=None, x=753000, y=5985000, radius=51447), Tower(lat=None, lon=None, x=453000, y=5763000, radius=51447), Tower(lat=None, lon=None, x=685000, y=5373000, radius=51447), Tower(lat=None, lon=None, x=547000, y=5733000, radius=51447), Tower(lat=None, lon=None, x=541000, y=5399000, radius=51447), Tower(lat=None, lon=None, x=609000, y=5943000, radius=51447), Tower(lat=None, lon=None, x=635000, y=5529000, radius=51447), Tower(lat=None, lon=None, x=437000, y=5499000, radius=51447), Tower(lat=None, lon=None, x=505000, y=5583000, radius=51447), Tower(lat=None, lon=None, x=869000, y=5697000, radius=51447), Tower(lat=None, lon=None, x=381000, y=5627000, radius=51447), Tower(lat=None, lon=None, x=587000, y=5825000, radius=51447), Tower(lat=None, lon=None, x=439000, y=5351000, radius=51447), Tower(lat=None, lon=None, x=729000, y=5795000, radius=51447), Tower(lat=None, lon=None, x=361000, y=5701000, radius=51447), Tower(lat=None, lon=None, x=479000, y=5919000, radius=51447)}, 'problem': <Problem.Problem object at 0x00000254F2967FE0>}
INFO:root:
--- [Iteration 20/30] ---
INFO:root:Checking north...
INFO:root:Checking northeast...
INFO:root:Checking east...
INFO:root:Checking southeast...
INFO:root:Checking south...
INFO:root:Checking southwest...
INFO:root:Checking west...
INFO:root:Checking northwest...
INFO:root:No better direction found! Next step size is 1
INFO:root:
============================================================
INFO:root:               FINALE ERGEBNIS-ZUSAMMENFASSUNG
INFO:root:------------------------------------------------------------
INFO:root: BESTE RADIEN:                  S=15639m, L=51447m
INFO:root: Gebaute kleine Masten (Blau):  19
INFO:root: Gebaute große Masten (Lila):  17
INFO:root: FINALE MINIMALKOSTEN:          60.29 GE
INFO:root:============================================================
INFO:root:STARTING POINT (15000, 55000)
INFO:root:
--- [Iteration 1/30] ---
INFO:root:Checking north...
INFO:root:Checking northeast...
INFO:root:Checking east...
INFO:root:Checking southeast...
INFO:root:Checking south...
INFO:root:Checking southwest...
INFO:root:Checking west...
INFO:root:Checking northwest...
INFO:root:Found a next Minimum! {'costs': 62.099263492063514, 't_1': 17000, 't_2': 53000, 'small_towers': {Tower(lat=None, lon=None, x=549000, y=5705000, radius=17000), Tower(lat=None, lon=None, x=707000, y=5601000, radius=17000), Tower(lat=None, lon=None, x=521000, y=6071000, radius=17000), Tower(lat=None, lon=None, x=871000, y=5813000, radius=17000), Tower(lat=None, lon=None, x=579000, y=5521000, radius=17000), Tower(lat=None, lon=None, x=383000, y=5805000, radius=17000), Tower(lat=None, lon=None, x=741000, y=5303000, radius=17000), Tower(lat=None, lon=None, x=309000, y=5627000, radius=17000), Tower(lat=None, lon=None, x=595000, y=5271000, radius=17000), Tower(lat=None, lon=None, x=761000, y=5633000, radius=17000), Tower(lat=None, lon=None, x=365000, y=5915000, radius=17000), Tower(lat=None, lon=None, x=443000, y=5685000, radius=17000), Tower(lat=None, lon=None, x=321000, y=5523000, radius=17000), Tower(lat=None, lon=None, x=523000, y=5687000, radius=17000), Tower(lat=None, lon=None, x=537000, y=5589000, radius=17000), Tower(lat=None, lon=None, x=521000, y=5283000, radius=17000), Tower(lat=None, lon=None, x=359000, y=5459000, radius=17000), Tower(lat=None, lon=None, x=719000, y=5441000, radius=17000), Tower(lat=None, lon=None, x=567000, y=6009000, radius=17000), Tower(lat=None, lon=None, x=811000, y=5391000, radius=17000), Tower(lat=None, lon=None, x=805000, y=5823000, radius=17000)}, 'large_towers': {Tower(lat=None, lon=None, x=635000, y=5529000, radius=53000), Tower(lat=None, lon=None, x=547000, y=5405000, radius=53000), Tower(lat=None, lon=None, x=439000, y=5351000, radius=53000), Tower(lat=None, lon=None, x=607000, y=5947000, radius=53000), Tower(lat=None, lon=None, x=365000, y=5703000, radius=53000), Tower(lat=None, lon=None, x=489000, y=5917000, radius=53000), Tower(lat=None, lon=None, x=383000, y=5629000, radius=53000), Tower(lat=None, lon=None, x=453000, y=5761000, radius=53000), Tower(lat=None, lon=None, x=685000, y=5359000, radius=53000), Tower(lat=None, lon=None, x=685000, y=5681000, radius=53000), Tower(lat=None, lon=None, x=449000, y=5459000, radius=53000), Tower(lat=None, lon=None, x=573000, y=5793000, radius=53000), Tower(lat=None, lon=None, x=481000, y=5577000, radius=53000), Tower(lat=None, lon=None, x=755000, y=5987000, radius=53000), Tower(lat=None, lon=None, x=869000, y=5701000, radius=53000), Tower(lat=None, lon=None, x=731000, y=5787000, radius=53000)}, 'problem': <Problem.Problem object at 0x0000025129BEFFE0>}
INFO:root:
--- [Iteration 2/30] ---
INFO:root:Checking north...
INFO:root:Checking northeast...
INFO:root:Checking east...
INFO:root:Checking southeast...
INFO:root:Checking south...
INFO:root:Checking southwest...
INFO:root:Checking west...
INFO:root:Checking northwest...
INFO:root:No better direction found! Next step size is 1000
INFO:root:
--- [Iteration 3/30] ---
INFO:root:Checking north...
INFO:root:Checking northeast...
INFO:root:Checking east...
INFO:root:Checking southeast...
INFO:root:Checking south...
INFO:root:Checking southwest...
INFO:root:Checking west...
INFO:root:Checking northwest...
INFO:root:Found a next Minimum! {'costs': 60.441714567901215, 't_1': 16000, 't_2': 52000, 'small_towers': {Tower(lat=None, lon=None, x=423000, y=5699000, radius=16000), Tower(lat=None, lon=None, x=525000, y=5673000, radius=16000), Tower(lat=None, lon=None, x=519000, y=6059000, radius=16000), Tower(lat=None, lon=None, x=383000, y=5805000, radius=16000), Tower(lat=None, lon=None, x=309000, y=5627000, radius=16000), Tower(lat=None, lon=None, x=365000, y=5915000, radius=16000), Tower(lat=None, lon=None, x=797000, y=5827000, radius=16000), Tower(lat=None, lon=None, x=869000, y=5801000, radius=16000), Tower(lat=None, lon=None, x=315000, y=5509000, radius=16000), Tower(lat=None, lon=None, x=657000, y=5655000, radius=16000), Tower(lat=None, lon=None, x=343000, y=5461000, radius=16000), Tower(lat=None, lon=None, x=813000, y=5389000, radius=16000), Tower(lat=None, lon=None, x=723000, y=5449000, radius=16000), Tower(lat=None, lon=None, x=573000, y=6005000, radius=16000), Tower(lat=None, lon=None, x=691000, y=5543000, radius=16000), Tower(lat=None, lon=None, x=549000, y=5711000, radius=16000), Tower(lat=None, lon=None, x=729000, y=5291000, radius=16000), Tower(lat=None, lon=None, x=463000, y=5419000, radius=16000), Tower(lat=None, lon=None, x=697000, y=5703000, radius=16000), Tower(lat=None, lon=None, x=525000, y=5281000, radius=16000), Tower(lat=None, lon=None, x=593000, y=5297000, radius=16000)}, 'large_towers': {Tower(lat=None, lon=None, x=429000, y=5353000, radius=52000), Tower(lat=None, lon=None, x=451000, y=5765000, radius=52000), Tower(lat=None, lon=None, x=727000, y=5799000, radius=52000), Tower(lat=None, lon=None, x=451000, y=5507000, radius=52000), Tower(lat=None, lon=None, x=873000, y=5697000, radius=52000), Tower(lat=None, lon=None, x=615000, y=5503000, radius=52000), Tower(lat=None, lon=None, x=543000, y=5399000, radius=52000), Tower(lat=None, lon=None, x=613000, y=5937000, radius=52000), Tower(lat=None, lon=None, x=687000, y=5365000, radius=52000), Tower(lat=None, lon=None, x=573000, y=5791000, radius=52000), Tower(lat=None, lon=None, x=503000, y=5585000, radius=52000), Tower(lat=None, lon=None, x=381000, y=5625000, radius=52000), Tower(lat=None, lon=None, x=747000, y=5981000, radius=52000), Tower(lat=None, lon=None, x=733000, y=5645000, radius=52000), Tower(lat=None, lon=None, x=483000, y=5917000, radius=52000), Tower(lat=None, lon=None, x=361000, y=5701000, radius=52000)}, 'problem': <Problem.Problem object at 0x000002514129FFE0>}
INFO:root:
--- [Iteration 4/30] ---
INFO:root:Checking north...
INFO:root:Checking northeast...
INFO:root:Checking east...
INFO:root:Checking southeast...
INFO:root:Checking south...
INFO:root:Checking southwest...
INFO:root:Checking west...
INFO:root:Checking northwest...
INFO:root:No better direction found! Next step size is 500
INFO:root:
--- [Iteration 5/30] ---
INFO:root:Checking north...
INFO:root:Checking northeast...
INFO:root:Checking east...
INFO:root:Checking southeast...
INFO:root:Checking south...
INFO:root:Checking southwest...
INFO:root:Checking west...
INFO:root:Checking northwest...
INFO:root:Found a next Minimum! {'costs': 60.43978728101118, 't_1': 16000, 't_2': 51500, 'small_towers': {Tower(lat=None, lon=None, x=309000, y=5625000, radius=16000), Tower(lat=None, lon=None, x=727000, y=5293000, radius=16000), Tower(lat=None, lon=None, x=347000, y=5455000, radius=16000), Tower(lat=None, lon=None, x=867000, y=5817000, radius=16000), Tower(lat=None, lon=None, x=515000, y=6073000, radius=16000), Tower(lat=None, lon=None, x=813000, y=5387000, radius=16000), Tower(lat=None, lon=None, x=557000, y=5521000, radius=16000), Tower(lat=None, lon=None, x=471000, y=5429000, radius=16000), Tower(lat=None, lon=None, x=383000, y=5805000, radius=16000), Tower(lat=None, lon=None, x=425000, y=5693000, radius=16000), Tower(lat=None, lon=None, x=567000, y=6007000, radius=16000), Tower(lat=None, lon=None, x=797000, y=5827000, radius=16000), Tower(lat=None, lon=None, x=323000, y=5519000, radius=16000), Tower(lat=None, lon=None, x=723000, y=5443000, radius=16000), Tower(lat=None, lon=None, x=653000, y=5641000, radius=16000), Tower(lat=None, lon=None, x=691000, y=5709000, radius=16000), Tower(lat=None, lon=None, x=529000, y=5277000, radius=16000), Tower(lat=None, lon=None, x=389000, y=5907000, radius=16000), Tower(lat=None, lon=None, x=613000, y=5293000, radius=16000)}, 'large_towers': {Tower(lat=None, lon=None, x=613000, y=5937000, radius=51500), Tower(lat=None, lon=None, x=541000, y=5733000, radius=51500), Tower(lat=None, lon=None, x=381000, y=5627000, radius=51500), Tower(lat=None, lon=None, x=499000, y=5585000, radius=51500), Tower(lat=None, lon=None, x=361000, y=5703000, radius=51500), Tower(lat=None, lon=None, x=587000, y=5825000, radius=51500), Tower(lat=None, lon=None, x=729000, y=5795000, radius=51500), Tower(lat=None, lon=None, x=453000, y=5763000, radius=51500), Tower(lat=None, lon=None, x=727000, y=5643000, radius=51500), Tower(lat=None, lon=None, x=541000, y=5399000, radius=51500), Tower(lat=None, lon=None, x=635000, y=5529000, radius=51500), Tower(lat=None, lon=None, x=427000, y=5353000, radius=51500), Tower(lat=None, lon=None, x=447000, y=5511000, radius=51500), Tower(lat=None, lon=None, x=691000, y=5357000, radius=51500), Tower(lat=None, lon=None, x=465000, y=5921000, radius=51500), Tower(lat=None, lon=None, x=873000, y=5697000, radius=51500), Tower(lat=None, lon=None, x=753000, y=5983000, radius=51500)}, 'problem': <Problem.Problem object at 0x00000251BF31FFE0>}
INFO:root:
--- [Iteration 6/30] ---
INFO:root:Checking north...
INFO:root:Checking northeast...
INFO:root:Checking east...
INFO:root:Checking southeast...
INFO:root:Checking south...
INFO:root:Checking southwest...
INFO:root:Checking west...
INFO:root:Checking northwest...
INFO:root:No better direction found! Next step size is 250
INFO:root:
--- [Iteration 7/30] ---
INFO:root:Checking north...
INFO:root:Checking northeast...
INFO:root:Checking east...
INFO:root:Checking southeast...
INFO:root:Checking south...
INFO:root:Checking southwest...
INFO:root:Checking west...
INFO:root:Checking northwest...
INFO:root:Found a next Minimum! {'costs': 60.38407973618461, 't_1': 15750, 't_2': 51500, 'small_towers': {Tower(lat=None, lon=None, x=351000, y=5451000, radius=15750), Tower(lat=None, lon=None, x=863000, y=5811000, radius=15750), Tower(lat=None, lon=None, x=803000, y=5823000, radius=15750), Tower(lat=None, lon=None, x=719000, y=5307000, radius=15750), Tower(lat=None, lon=None, x=383000, y=5805000, radius=15750), Tower(lat=None, lon=None, x=709000, y=5697000, radius=15750), Tower(lat=None, lon=None, x=695000, y=5537000, radius=15750), Tower(lat=None, lon=None, x=521000, y=5281000, radius=15750), Tower(lat=None, lon=None, x=309000, y=5633000, radius=15750), Tower(lat=None, lon=None, x=469000, y=5421000, radius=15750), Tower(lat=None, lon=None, x=653000, y=5639000, radius=15750), Tower(lat=None, lon=None, x=573000, y=6005000, radius=15750), Tower(lat=None, lon=None, x=329000, y=5507000, radius=15750), Tower(lat=None, lon=None, x=373000, y=5907000, radius=15750), Tower(lat=None, lon=None, x=717000, y=5443000, radius=15750), Tower(lat=None, lon=None, x=421000, y=5695000, radius=15750), Tower(lat=None, lon=None, x=587000, y=5291000, radius=15750), Tower(lat=None, lon=None, x=521000, y=6061000, radius=15750), Tower(lat=None, lon=None, x=823000, y=5395000, radius=15750)}, 'large_towers': {Tower(lat=None, lon=None, x=501000, y=5581000, radius=51500), Tower(lat=None, lon=None, x=441000, y=5359000, radius=51500), Tower(lat=None, lon=None, x=545000, y=5731000, radius=51500), Tower(lat=None, lon=None, x=381000, y=5627000, radius=51500), Tower(lat=None, lon=None, x=587000, y=5825000, radius=51500), Tower(lat=None, lon=None, x=361000, y=5703000, radius=51500), Tower(lat=None, lon=None, x=485000, y=5919000, radius=51500), Tower(lat=None, lon=None, x=729000, y=5795000, radius=51500), Tower(lat=None, lon=None, x=453000, y=5763000, radius=51500), Tower(lat=None, lon=None, x=455000, y=5501000, radius=51500), Tower(lat=None, lon=None, x=541000, y=5399000, radius=51500), Tower(lat=None, lon=None, x=749000, y=5981000, radius=51500), Tower(lat=None, lon=None, x=683000, y=5375000, radius=51500), Tower(lat=None, lon=None, x=731000, y=5647000, radius=51500), Tower(lat=None, lon=None, x=871000, y=5697000, radius=51500), Tower(lat=None, lon=None, x=611000, y=5945000, radius=51500), Tower(lat=None, lon=None, x=611000, y=5509000, radius=51500)}, 'problem': <Problem.Problem object at 0x00000252126AFFE0>}
INFO:root:
--- [Iteration 8/30] ---
INFO:root:Checking north...
INFO:root:Checking northeast...
INFO:root:Checking east...
INFO:root:Checking southeast...
INFO:root:Checking south...
INFO:root:Checking southwest...
INFO:root:Checking west...
INFO:root:Checking northwest...
INFO:root:No better direction found! Next step size is 125
INFO:root:
--- [Iteration 9/30] ---
INFO:root:Checking north...
INFO:root:Checking northeast...
INFO:root:Checking east...
INFO:root:Checking southeast...
INFO:root:Checking south...
INFO:root:Checking southwest...
INFO:root:Checking west...
INFO:root:Checking northwest...
INFO:root:No better direction found! Next step size is 62
INFO:root:
--- [Iteration 10/30] ---
INFO:root:Checking north...
INFO:root:Checking northeast...
INFO:root:Checking east...
INFO:root:Checking southeast...
INFO:root:Checking south...
INFO:root:Checking southwest...
INFO:root:Checking west...
INFO:root:Checking northwest...
INFO:root:Found a next Minimum! {'costs': 60.37072909507654, 't_1': 15688, 't_2': 51500, 'small_towers': {Tower(lat=None, lon=None, x=873000, y=5813000, radius=15688), Tower(lat=None, lon=None, x=603000, y=5289000, radius=15688), Tower(lat=None, lon=None, x=429000, y=5699000, radius=15688), Tower(lat=None, lon=None, x=309000, y=5631000, radius=15688), Tower(lat=None, lon=None, x=347000, y=5461000, radius=15688), Tower(lat=None, lon=None, x=723000, y=5433000, radius=15688), Tower(lat=None, lon=None, x=803000, y=5821000, radius=15688), Tower(lat=None, lon=None, x=693000, y=5701000, radius=15688), Tower(lat=None, lon=None, x=561000, y=5515000, radius=15688), Tower(lat=None, lon=None, x=521000, y=5279000, radius=15688), Tower(lat=None, lon=None, x=383000, y=5805000, radius=15688), Tower(lat=None, lon=None, x=319000, y=5523000, radius=15688), Tower(lat=None, lon=None, x=567000, y=6007000, radius=15688), Tower(lat=None, lon=None, x=467000, y=5419000, radius=15688), Tower(lat=None, lon=None, x=541000, y=6065000, radius=15688), Tower(lat=None, lon=None, x=733000, y=5297000, radius=15688), Tower(lat=None, lon=None, x=813000, y=5389000, radius=15688), Tower(lat=None, lon=None, x=367000, y=5909000, radius=15688), Tower(lat=None, lon=None, x=649000, y=5645000, radius=15688)}, 'large_towers': {Tower(lat=None, lon=None, x=445000, y=5507000, radius=51500), Tower(lat=None, lon=None, x=869000, y=5697000, radius=51500), Tower(lat=None, lon=None, x=545000, y=5401000, radius=51500), Tower(lat=None, lon=None, x=635000, y=5527000, radius=51500), Tower(lat=None, lon=None, x=381000, y=5627000, radius=51500), Tower(lat=None, lon=None, x=587000, y=5827000, radius=51500), Tower(lat=None, lon=None, x=731000, y=5645000, radius=51500), Tower(lat=None, lon=None, x=361000, y=5703000, radius=51500), Tower(lat=None, lon=None, x=729000, y=5795000, radius=51500), Tower(lat=None, lon=None, x=453000, y=5763000, radius=51500), Tower(lat=None, lon=None, x=755000, y=5985000, radius=51500), Tower(lat=None, lon=None, x=433000, y=5355000, radius=51500), Tower(lat=None, lon=None, x=553000, y=5731000, radius=51500), Tower(lat=None, lon=None, x=687000, y=5379000, radius=51500), Tower(lat=None, lon=None, x=509000, y=5585000, radius=51500), Tower(lat=None, lon=None, x=611000, y=5933000, radius=51500), Tower(lat=None, lon=None, x=463000, y=5921000, radius=51500)}, 'problem': <Problem.Problem object at 0x000002525E5885F0>}
INFO:root:
--- [Iteration 11/30] ---
INFO:root:Checking north...
INFO:root:Checking northeast...
INFO:root:Checking east...
INFO:root:Checking southeast...
INFO:root:Checking south...
INFO:root:Checking southwest...
INFO:root:Checking west...
INFO:root:Checking northwest...
INFO:root:No better direction found! Next step size is 31
INFO:root:
--- [Iteration 12/30] ---
INFO:root:Checking north...
INFO:root:Checking northeast...
INFO:root:Checking east...
INFO:root:Checking southeast...
INFO:root:Checking south...
INFO:root:Checking southwest...
INFO:root:Checking west...
INFO:root:Checking northwest...
INFO:root:Found a next Minimum! {'costs': 60.32115615861259, 't_1': 15657, 't_2': 51469, 'small_towers': {Tower(lat=None, lon=None, x=309000, y=5629000, radius=15657), Tower(lat=None, lon=None, x=591000, y=5299000, radius=15657), Tower(lat=None, lon=None, x=465000, y=5417000, radius=15657), Tower(lat=None, lon=None, x=423000, y=5697000, radius=15657), Tower(lat=None, lon=None, x=721000, y=5445000, radius=15657), Tower(lat=None, lon=None, x=799000, y=5829000, radius=15657), Tower(lat=None, lon=None, x=701000, y=5721000, radius=15657), Tower(lat=None, lon=None, x=345000, y=5463000, radius=15657), Tower(lat=None, lon=None, x=813000, y=5385000, radius=15657), Tower(lat=None, lon=None, x=523000, y=6061000, radius=15657), Tower(lat=None, lon=None, x=735000, y=5301000, radius=15657), Tower(lat=None, lon=None, x=389000, y=5923000, radius=15657), Tower(lat=None, lon=None, x=649000, y=5649000, radius=15657), Tower(lat=None, lon=None, x=383000, y=5805000, radius=15657), Tower(lat=None, lon=None, x=685000, y=5547000, radius=15657), Tower(lat=None, lon=None, x=865000, y=5813000, radius=15657), Tower(lat=None, lon=None, x=523000, y=5287000, radius=15657), Tower(lat=None, lon=None, x=323000, y=5513000, radius=15657), Tower(lat=None, lon=None, x=573000, y=6005000, radius=15657)}, 'large_towers': {Tower(lat=None, lon=None, x=729000, y=5795000, radius=51469), Tower(lat=None, lon=None, x=727000, y=5645000, radius=51469), Tower(lat=None, lon=None, x=453000, y=5763000, radius=51469), Tower(lat=None, lon=None, x=447000, y=5503000, radius=51469), Tower(lat=None, lon=None, x=463000, y=5923000, radius=51469), Tower(lat=None, lon=None, x=545000, y=5401000, radius=51469), Tower(lat=None, lon=None, x=871000, y=5697000, radius=51469), Tower(lat=None, lon=None, x=583000, y=5785000, radius=51469), Tower(lat=None, lon=None, x=751000, y=5979000, radius=51469), Tower(lat=None, lon=None, x=507000, y=5587000, radius=51469), Tower(lat=None, lon=None, x=613000, y=5515000, radius=51469), Tower(lat=None, lon=None, x=543000, y=5725000, radius=51469), Tower(lat=None, lon=None, x=381000, y=5627000, radius=51469), Tower(lat=None, lon=None, x=427000, y=5355000, radius=51469), Tower(lat=None, lon=None, x=613000, y=5937000, radius=51469), Tower(lat=None, lon=None, x=689000, y=5363000, radius=51469), Tower(lat=None, lon=None, x=361000, y=5703000, radius=51469)}, 'problem': <Problem.Problem object at 0x00000252C071A150>}
INFO:root:
--- [Iteration 13/30] ---
INFO:root:Checking north...
INFO:root:Checking northeast...
INFO:root:Checking east...
INFO:root:Checking southeast...
INFO:root:Checking south...
INFO:root:Checking southwest...
INFO:root:Checking west...
INFO:root:Checking northwest...
INFO:root:No better direction found! Next step size is 16
INFO:root:
--- [Iteration 14/30] ---
INFO:root:Checking north...
INFO:root:Checking northeast...
INFO:root:Checking east...
INFO:root:Checking southeast...
INFO:root:Checking south...
INFO:root:Checking southwest...
INFO:root:Checking west...
INFO:root:Checking northwest...
INFO:root:Found a next Minimum! {'costs': 60.29561669843331, 't_1': 15641, 't_2': 51453, 'small_towers': {Tower(lat=None, lon=None, x=567000, y=6007000, radius=15641), Tower(lat=None, lon=None, x=309000, y=5633000, radius=15641), Tower(lat=None, lon=None, x=469000, y=5421000, radius=15641), Tower(lat=None, lon=None, x=655000, y=5645000, radius=15641), Tower(lat=None, lon=None, x=719000, y=5439000, radius=15641), Tower(lat=None, lon=None, x=817000, y=5383000, radius=15641), Tower(lat=None, lon=None, x=583000, y=5287000, radius=15641), Tower(lat=None, lon=None, x=425000, y=5695000, radius=15641), Tower(lat=None, lon=None, x=555000, y=5511000, radius=15641), Tower(lat=None, lon=None, x=719000, y=5715000, radius=15641), Tower(lat=None, lon=None, x=319000, y=5525000, radius=15641), Tower(lat=None, lon=None, x=525000, y=5285000, radius=15641), Tower(lat=None, lon=None, x=799000, y=5829000, radius=15641), Tower(lat=None, lon=None, x=731000, y=5295000, radius=15641), Tower(lat=None, lon=None, x=379000, y=5919000, radius=15641), Tower(lat=None, lon=None, x=863000, y=5811000, radius=15641), Tower(lat=None, lon=None, x=351000, y=5465000, radius=15641), Tower(lat=None, lon=None, x=523000, y=6063000, radius=15641), Tower(lat=None, lon=None, x=383000, y=5805000, radius=15641)}, 'large_towers': {Tower(lat=None, lon=None, x=361000, y=5703000, radius=51453), Tower(lat=None, lon=None, x=453000, y=5763000, radius=51453), Tower(lat=None, lon=None, x=381000, y=5627000, radius=51453), Tower(lat=None, lon=None, x=727000, y=5643000, radius=51453), Tower(lat=None, lon=None, x=747000, y=5979000, radius=51453), Tower(lat=None, lon=None, x=539000, y=5735000, radius=51453), Tower(lat=None, lon=None, x=483000, y=5923000, radius=51453), Tower(lat=None, lon=None, x=441000, y=5509000, radius=51453), Tower(lat=None, lon=None, x=587000, y=5827000, radius=51453), Tower(lat=None, lon=None, x=871000, y=5697000, radius=51453), Tower(lat=None, lon=None, x=683000, y=5385000, radius=51453), Tower(lat=None, lon=None, x=545000, y=5401000, radius=51453), Tower(lat=None, lon=None, x=501000, y=5583000, radius=51453), Tower(lat=None, lon=None, x=635000, y=5527000, radius=51453), Tower(lat=None, lon=None, x=613000, y=5933000, radius=51453), Tower(lat=None, lon=None, x=729000, y=5795000, radius=51453), Tower(lat=None, lon=None, x=443000, y=5351000, radius=51453)}, 'problem': <Problem.Problem object at 0x00000252D5CB34D0>}
INFO:root:
--- [Iteration 15/30] ---
INFO:root:Checking north...
INFO:root:Checking northeast...
INFO:root:Checking east...
INFO:root:Checking southeast...
INFO:root:Checking south...
INFO:root:Checking southwest...
INFO:root:Checking west...
INFO:root:Checking northwest...
INFO:root:No better direction found! Next step size is 8
INFO:root:
--- [Iteration 16/30] ---
INFO:root:Checking north...
INFO:root:Checking northeast...
INFO:root:Checking east...
INFO:root:Checking southeast...
INFO:root:Checking south...
INFO:root:Checking southwest...
INFO:root:Checking west...
INFO:root:Checking northwest...
INFO:root:No better direction found! Next step size is 4
INFO:root:
--- [Iteration 17/30] ---
INFO:root:Checking north...
INFO:root:Checking northeast...
INFO:root:Checking east...
INFO:root:Checking southeast...
INFO:root:Checking south...
INFO:root:Checking southwest...
INFO:root:Checking west...
INFO:root:Checking northwest...
INFO:root:Found a next Minimum! {'costs': 60.29008292583046, 't_1': 15641, 't_2': 51449, 'small_towers': {Tower(lat=None, lon=None, x=713000, y=5713000, radius=15641), Tower(lat=None, lon=None, x=345000, y=5451000, radius=15641), Tower(lat=None, lon=None, x=467000, y=5419000, radius=15641), Tower(lat=None, lon=None, x=657000, y=5655000, radius=15641), Tower(lat=None, lon=None, x=603000, y=5275000, radius=15641), Tower(lat=None, lon=None, x=745000, y=5315000, radius=15641), Tower(lat=None, lon=None, x=523000, y=5283000, radius=15641), Tower(lat=None, lon=None, x=309000, y=5631000, radius=15641), Tower(lat=None, lon=None, x=383000, y=5927000, radius=15641), Tower(lat=None, lon=None, x=425000, y=5693000, radius=15641), Tower(lat=None, lon=None, x=681000, y=5529000, radius=15641), Tower(lat=None, lon=None, x=815000, y=5395000, radius=15641), Tower(lat=None, lon=None, x=867000, y=5803000, radius=15641), Tower(lat=None, lon=None, x=803000, y=5823000, radius=15641), Tower(lat=None, lon=None, x=521000, y=6071000, radius=15641), Tower(lat=None, lon=None, x=719000, y=5445000, radius=15641), Tower(lat=None, lon=None, x=319000, y=5523000, radius=15641), Tower(lat=None, lon=None, x=383000, y=5805000, radius=15641), Tower(lat=None, lon=None, x=565000, y=6007000, radius=15641)}, 'large_towers': {Tower(lat=None, lon=None, x=575000, y=5807000, radius=51449), Tower(lat=None, lon=None, x=381000, y=5627000, radius=51449), Tower(lat=None, lon=None, x=611000, y=5931000, radius=51449), Tower(lat=None, lon=None, x=729000, y=5795000, radius=51449), Tower(lat=None, lon=None, x=361000, y=5701000, radius=51449), Tower(lat=None, lon=None, x=751000, y=5981000, radius=51449), Tower(lat=None, lon=None, x=453000, y=5763000, radius=51449), Tower(lat=None, lon=None, x=685000, y=5373000, radius=51449), Tower(lat=None, lon=None, x=453000, y=5503000, radius=51449), Tower(lat=None, lon=None, x=479000, y=5919000, radius=51449), Tower(lat=None, lon=None, x=511000, y=5587000, radius=51449), Tower(lat=None, lon=None, x=611000, y=5503000, radius=51449), Tower(lat=None, lon=None, x=439000, y=5361000, radius=51449), Tower(lat=None, lon=None, x=543000, y=5731000, radius=51449), Tower(lat=None, lon=None, x=871000, y=5697000, radius=51449), Tower(lat=None, lon=None, x=733000, y=5647000, radius=51449), Tower(lat=None, lon=None, x=539000, y=5397000, radius=51449)}, 'problem': <Problem.Problem object at 0x00000252D5CB0320>}
INFO:root:
--- [Iteration 18/30] ---
INFO:root:Checking north...
INFO:root:Checking northeast...
INFO:root:Checking east...
INFO:root:Checking southeast...
INFO:root:Checking south...
INFO:root:Checking southwest...
INFO:root:Checking west...
INFO:root:Checking northwest...
INFO:root:No better direction found! Next step size is 2
INFO:root:
--- [Iteration 19/30] ---
INFO:root:Checking north...
INFO:root:Checking northeast...
INFO:root:Checking east...
INFO:root:Checking southeast...
INFO:root:Checking south...
INFO:root:Checking southwest...
INFO:root:Checking west...
INFO:root:Checking northwest...
INFO:root:Found a next Minimum! {'costs': 60.28689333402248, 't_1': 15639, 't_2': 51447, 'small_towers': {Tower(lat=None, lon=None, x=525000, y=6069000, radius=15639), Tower(lat=None, lon=None, x=717000, y=5705000, radius=15639), Tower(lat=None, lon=None, x=729000, y=5291000, radius=15639), Tower(lat=None, lon=None, x=557000, y=5519000, radius=15639), Tower(lat=None, lon=None, x=877000, y=5805000, radius=15639), Tower(lat=None, lon=None, x=323000, y=5523000, radius=15639), Tower(lat=None, lon=None, x=655000, y=5649000, radius=15639), Tower(lat=None, lon=None, x=423000, y=5699000, radius=15639), Tower(lat=None, lon=None, x=599000, y=5289000, radius=15639), Tower(lat=None, lon=None, x=521000, y=5279000, radius=15639), Tower(lat=None, lon=None, x=463000, y=5415000, radius=15639), Tower(lat=None, lon=None, x=803000, y=5823000, radius=15639), Tower(lat=None, lon=None, x=383000, y=5805000, radius=15639), Tower(lat=None, lon=None, x=813000, y=5393000, radius=15639), Tower(lat=None, lon=None, x=309000, y=5633000, radius=15639), Tower(lat=None, lon=None, x=719000, y=5439000, radius=15639), Tower(lat=None, lon=None, x=343000, y=5455000, radius=15639), Tower(lat=None, lon=None, x=367000, y=5909000, radius=15639), Tower(lat=None, lon=None, x=569000, y=6005000, radius=15639)}, 'large_towers': {Tower(lat=None, lon=None, x=733000, y=5645000, radius=51447), Tower(lat=None, lon=None, x=753000, y=5985000, radius=51447), Tower(lat=None, lon=None, x=453000, y=5763000, radius=51447), Tower(lat=None, lon=None, x=685000, y=5373000, radius=51447), Tower(lat=None, lon=None, x=547000, y=5733000, radius=51447), Tower(lat=None, lon=None, x=541000, y=5399000, radius=51447), Tower(lat=None, lon=None, x=609000, y=5943000, radius=51447), Tower(lat=None, lon=None, x=635000, y=5529000, radius=51447), Tower(lat=None, lon=None, x=437000, y=5499000, radius=51447), Tower(lat=None, lon=None, x=505000, y=5583000, radius=51447), Tower(lat=None, lon=None, x=869000, y=5697000, radius=51447), Tower(lat=None, lon=None, x=381000, y=5627000, radius=51447), Tower(lat=None, lon=None, x=587000, y=5825000, radius=51447), Tower(lat=None, lon=None, x=439000, y=5351000, radius=51447), Tower(lat=None, lon=None, x=729000, y=5795000, radius=51447), Tower(lat=None, lon=None, x=361000, y=5701000, radius=51447), Tower(lat=None, lon=None, x=479000, y=5919000, radius=51447)}, 'problem': <Problem.Problem object at 0x00000254F2967FE0>}
INFO:root:
--- [Iteration 20/30] ---
INFO:root:Checking north...
INFO:root:Checking northeast...
INFO:root:Checking east...
INFO:root:Checking southeast...
INFO:root:Checking south...
INFO:root:Checking southwest...
INFO:root:Checking west...
INFO:root:Checking northwest...
INFO:root:No better direction found! Next step size is 1
INFO:root:
============================================================
INFO:root:               FINALE ERGEBNIS-ZUSAMMENFASSUNG
INFO:root:------------------------------------------------------------
INFO:root: BESTE RADIEN:                  S=15639m, L=51447m
INFO:root: Gebaute kleine Masten (Blau):  19
INFO:root: Gebaute große Masten (Lila):  17
INFO:root: FINALE MINIMALKOSTEN:          60.29 GE
INFO:root:============================================================
INFO:root:STARTING POINT (15000, 60000)
INFO:root:
--- [Iteration 1/30] ---
INFO:root:Checking north...
INFO:root:Checking northeast...
INFO:root:Checking east...
INFO:root:Checking southeast...
INFO:root:Checking south...
INFO:root:Checking southwest...
INFO:root:Checking west...
INFO:root:Checking northwest...
INFO:root:Found a next Minimum! {'costs': 66.04169679012347, 't_1': 13000, 't_2': 58000, 'small_towers': {Tower(lat=None, lon=None, x=523000, y=5277000, radius=13000), Tower(lat=None, lon=None, x=465000, y=5315000, radius=13000), Tower(lat=None, lon=None, x=737000, y=5825000, radius=13000), Tower(lat=None, lon=None, x=729000, y=5745000, radius=13000), Tower(lat=None, lon=None, x=733000, y=5315000, radius=13000), Tower(lat=None, lon=None, x=355000, y=5459000, radius=13000), Tower(lat=None, lon=None, x=555000, y=5707000, radius=13000), Tower(lat=None, lon=None, x=407000, y=5315000, radius=13000), Tower(lat=None, lon=None, x=419000, y=5361000, radius=13000), Tower(lat=None, lon=None, x=477000, y=5959000, radius=13000), Tower(lat=None, lon=None, x=827000, y=5677000, radius=13000), Tower(lat=None, lon=None, x=819000, y=5385000, radius=13000), Tower(lat=None, lon=None, x=525000, y=6059000, radius=13000), Tower(lat=None, lon=None, x=381000, y=5809000, radius=13000), Tower(lat=None, lon=None, x=585000, y=6025000, radius=13000), Tower(lat=None, lon=None, x=531000, y=5683000, radius=13000), Tower(lat=None, lon=None, x=591000, y=5297000, radius=13000), Tower(lat=None, lon=None, x=669000, y=5781000, radius=13000), Tower(lat=None, lon=None, x=329000, y=5521000, radius=13000), Tower(lat=None, lon=None, x=911000, y=5683000, radius=13000), Tower(lat=None, lon=None, x=635000, y=5657000, radius=13000)}, 'large_towers': {Tower(lat=None, lon=None, x=603000, y=5953000, radius=58000), Tower(lat=None, lon=None, x=721000, y=5655000, radius=58000), Tower(lat=None, lon=None, x=447000, y=5587000, radius=58000), Tower(lat=None, lon=None, x=689000, y=5391000, radius=58000), Tower(lat=None, lon=None, x=433000, y=5897000, radius=58000), Tower(lat=None, lon=None, x=757000, y=5991000, radius=58000), Tower(lat=None, lon=None, x=343000, y=5657000, radius=58000), Tower(lat=None, lon=None, x=443000, y=5767000, radius=58000), Tower(lat=None, lon=None, x=383000, y=5713000, radius=58000), Tower(lat=None, lon=None, x=641000, y=5525000, radius=58000), Tower(lat=None, lon=None, x=571000, y=5793000, radius=58000), Tower(lat=None, lon=None, x=435000, y=5455000, radius=58000), Tower(lat=None, lon=None, x=525000, y=5549000, radius=58000), Tower(lat=None, lon=None, x=529000, y=5393000, radius=58000), Tower(lat=None, lon=None, x=829000, y=5789000, radius=58000)}, 'problem': <Problem.Problem object at 0x00000255731C3F20>}
INFO:root:
--- [Iteration 2/30] ---
INFO:root:Checking north...
INFO:root:Checking northeast...
INFO:root:Checking east...
INFO:root:Checking southeast...
INFO:root:Checking south...
INFO:root:Checking southwest...
INFO:root:Checking west...
INFO:root:Checking northwest...
INFO:root:No better direction found! Next step size is 1000
INFO:root:
--- [Iteration 3/30] ---
INFO:root:Checking north...
INFO:root:Checking northeast...
INFO:root:Checking east...
INFO:root:Checking southeast...
INFO:root:Checking south...
INFO:root:Checking southwest...
INFO:root:Checking west...
INFO:root:Checking northwest...
INFO:root:Found a next Minimum! {'costs': 65.48108380952381, 't_1': 14000, 't_2': 57000, 'small_towers': {Tower(lat=None, lon=None, x=541000, y=5673000, radius=14000), Tower(lat=None, lon=None, x=801000, y=5823000, radius=14000), Tower(lat=None, lon=None, x=745000, y=5307000, radius=14000), Tower(lat=None, lon=None, x=487000, y=5965000, radius=14000), Tower(lat=None, lon=None, x=523000, y=5275000, radius=14000), Tower(lat=None, lon=None, x=837000, y=5655000, radius=14000), Tower(lat=None, lon=None, x=503000, y=5547000, radius=14000), Tower(lat=None, lon=None, x=869000, y=5817000, radius=14000), Tower(lat=None, lon=None, x=563000, y=5515000, radius=14000), Tower(lat=None, lon=None, x=815000, y=5389000, radius=14000), Tower(lat=None, lon=None, x=635000, y=5351000, radius=14000), Tower(lat=None, lon=None, x=519000, y=6067000, radius=14000), Tower(lat=None, lon=None, x=653000, y=5651000, radius=14000), Tower(lat=None, lon=None, x=375000, y=5815000, radius=14000), Tower(lat=None, lon=None, x=541000, y=5603000, radius=14000), Tower(lat=None, lon=None, x=593000, y=5279000, radius=14000), Tower(lat=None, lon=None, x=569000, y=6023000, radius=14000), Tower(lat=None, lon=None, x=865000, y=5743000, radius=14000), Tower(lat=None, lon=None, x=559000, y=5697000, radius=14000), Tower(lat=None, lon=None, x=323000, y=5519000, radius=14000), Tower(lat=None, lon=None, x=347000, y=5451000, radius=14000), Tower(lat=None, lon=None, x=915000, y=5691000, radius=14000)}, 'large_towers': {Tower(lat=None, lon=None, x=387000, y=5721000, radius=57000), Tower(lat=None, lon=None, x=723000, y=5653000, radius=57000), Tower(lat=None, lon=None, x=605000, y=5955000, radius=57000), Tower(lat=None, lon=None, x=715000, y=5385000, radius=57000), Tower(lat=None, lon=None, x=569000, y=5807000, radius=57000), Tower(lat=None, lon=None, x=637000, y=5523000, radius=57000), Tower(lat=None, lon=None, x=445000, y=5771000, radius=57000), Tower(lat=None, lon=None, x=433000, y=5893000, radius=57000), Tower(lat=None, lon=None, x=447000, y=5593000, radius=57000), Tower(lat=None, lon=None, x=731000, y=5797000, radius=57000), Tower(lat=None, lon=None, x=449000, y=5481000, radius=57000), Tower(lat=None, lon=None, x=343000, y=5653000, radius=57000), Tower(lat=None, lon=None, x=751000, y=5979000, radius=57000), Tower(lat=None, lon=None, x=529000, y=5393000, radius=57000), Tower(lat=None, lon=None, x=437000, y=5355000, radius=57000)}, 'problem': <Problem.Problem object at 0x000002562DF57FE0>}
INFO:root:
--- [Iteration 4/30] ---
INFO:root:Checking north...
INFO:root:Checking northeast...
INFO:root:Checking east...
INFO:root:Checking southeast...
INFO:root:Checking south...
INFO:root:Checking southwest...
INFO:root:Checking west...
INFO:root:Checking northwest...
INFO:root:No better direction found! Next step size is 500
INFO:root:
--- [Iteration 5/30] ---
INFO:root:Checking north...
INFO:root:Checking northeast...
INFO:root:Checking east...
INFO:root:Checking southeast...
INFO:root:Checking south...
INFO:root:Checking southwest...
INFO:root:Checking west...
INFO:root:Checking northwest...
INFO:root:Found a next Minimum! {'costs': 65.35998015873014, 't_1': 14000, 't_2': 56500, 'small_towers': {Tower(lat=None, lon=None, x=815000, y=5391000, radius=14000), Tower(lat=None, lon=None, x=801000, y=5823000, radius=14000), Tower(lat=None, lon=None, x=525000, y=6061000, radius=14000), Tower(lat=None, lon=None, x=597000, y=5281000, radius=14000), Tower(lat=None, lon=None, x=837000, y=5655000, radius=14000), Tower(lat=None, lon=None, x=561000, y=5601000, radius=14000), Tower(lat=None, lon=None, x=411000, y=5303000, radius=14000), Tower(lat=None, lon=None, x=377000, y=5815000, radius=14000), Tower(lat=None, lon=None, x=861000, y=5751000, radius=14000), Tower(lat=None, lon=None, x=471000, y=5323000, radius=14000), Tower(lat=None, lon=None, x=581000, y=5511000, radius=14000), Tower(lat=None, lon=None, x=911000, y=5679000, radius=14000), Tower(lat=None, lon=None, x=687000, y=5411000, radius=14000), Tower(lat=None, lon=None, x=727000, y=5437000, radius=14000), Tower(lat=None, lon=None, x=653000, y=5657000, radius=14000), Tower(lat=None, lon=None, x=371000, y=5907000, radius=14000), Tower(lat=None, lon=None, x=561000, y=6025000, radius=14000), Tower(lat=None, lon=None, x=871000, y=5825000, radius=14000), Tower(lat=None, lon=None, x=355000, y=5461000, radius=14000), Tower(lat=None, lon=None, x=523000, y=5279000, radius=14000), Tower(lat=None, lon=None, x=411000, y=5375000, radius=14000), Tower(lat=None, lon=None, x=545000, y=5677000, radius=14000), Tower(lat=None, lon=None, x=305000, y=5631000, radius=14000), Tower(lat=None, lon=None, x=435000, y=5703000, radius=14000), Tower(lat=None, lon=None, x=321000, y=5509000, radius=14000), Tower(lat=None, lon=None, x=557000, y=5721000, radius=14000)}, 'large_towers': {Tower(lat=None, lon=None, x=445000, y=5771000, radius=56500), Tower(lat=None, lon=None, x=693000, y=5343000, radius=56500), Tower(lat=None, lon=None, x=753000, y=5971000, radius=56500), Tower(lat=None, lon=None, x=639000, y=5527000, radius=56500), Tower(lat=None, lon=None, x=367000, y=5703000, radius=56500), Tower(lat=None, lon=None, x=725000, y=5655000, radius=56500), Tower(lat=None, lon=None, x=529000, y=5391000, radius=56500), Tower(lat=None, lon=None, x=461000, y=5455000, radius=56500), Tower(lat=None, lon=None, x=579000, y=5779000, radius=56500), Tower(lat=None, lon=None, x=725000, y=5801000, radius=56500), Tower(lat=None, lon=None, x=477000, y=5579000, radius=56500), Tower(lat=None, lon=None, x=605000, y=5955000, radius=56500), Tower(lat=None, lon=None, x=377000, y=5629000, radius=56500), Tower(lat=None, lon=None, x=479000, y=5921000, radius=56500)}, 'problem': <Problem.Problem object at 0x000002566DD84D40>}
INFO:root:
--- [Iteration 6/30] ---
INFO:root:Checking north...
INFO:root:Checking northeast...
INFO:root:Checking east...
INFO:root:Checking southeast...
INFO:root:Checking south...
INFO:root:Checking southwest...
INFO:root:Checking west...
INFO:root:Checking northwest...
INFO:root:No better direction found! Next step size is 250
INFO:root:
--- [Iteration 7/30] ---
INFO:root:Checking north...
INFO:root:Checking northeast...
INFO:root:Checking east...
INFO:root:Checking southeast...
INFO:root:Checking south...
INFO:root:Checking southwest...
INFO:root:Checking west...
INFO:root:Checking northwest...
INFO:root:Found a next Minimum! {'costs': 65.31377992798352, 't_1': 13750, 't_2': 56500, 'small_towers': {Tower(lat=None, lon=None, x=379000, y=5819000, radius=13750), Tower(lat=None, lon=None, x=577000, y=6021000, radius=13750), Tower(lat=None, lon=None, x=655000, y=5653000, radius=13750), Tower(lat=None, lon=None, x=551000, y=5599000, radius=13750), Tower(lat=None, lon=None, x=427000, y=5693000, radius=13750), Tower(lat=None, lon=None, x=915000, y=5679000, radius=13750), Tower(lat=None, lon=None, x=405000, y=5309000, radius=13750), Tower(lat=None, lon=None, x=347000, y=5453000, radius=13750), Tower(lat=None, lon=None, x=569000, y=5703000, radius=13750), Tower(lat=None, lon=None, x=633000, y=5349000, radius=13750), Tower(lat=None, lon=None, x=471000, y=5323000, radius=13750), Tower(lat=None, lon=None, x=525000, y=5273000, radius=13750), Tower(lat=None, lon=None, x=861000, y=5745000, radius=13750), Tower(lat=None, lon=None, x=417000, y=5381000, radius=13750), Tower(lat=None, lon=None, x=535000, y=6081000, radius=13750), Tower(lat=None, lon=None, x=879000, y=5811000, radius=13750), Tower(lat=None, lon=None, x=825000, y=5667000, radius=13750), Tower(lat=None, lon=None, x=741000, y=5299000, radius=13750), Tower(lat=None, lon=None, x=483000, y=5981000, radius=13750), Tower(lat=None, lon=None, x=609000, y=5293000, radius=13750), Tower(lat=None, lon=None, x=537000, y=5697000, radius=13750), Tower(lat=None, lon=None, x=561000, y=5511000, radius=13750), Tower(lat=None, lon=None, x=821000, y=5399000, radius=13750), Tower(lat=None, lon=None, x=299000, y=5623000, radius=13750), Tower(lat=None, lon=None, x=333000, y=5523000, radius=13750), Tower(lat=None, lon=None, x=801000, y=5823000, radius=13750)}, 'large_towers': {Tower(lat=None, lon=None, x=445000, y=5771000, radius=56500), Tower(lat=None, lon=None, x=713000, y=5379000, radius=56500), Tower(lat=None, lon=None, x=729000, y=5787000, radius=56500), Tower(lat=None, lon=None, x=745000, y=5983000, radius=56500), Tower(lat=None, lon=None, x=605000, y=5953000, radius=56500), Tower(lat=None, lon=None, x=635000, y=5533000, radius=56500), Tower(lat=None, lon=None, x=725000, y=5655000, radius=56500), Tower(lat=None, lon=None, x=435000, y=5901000, radius=56500), Tower(lat=None, lon=None, x=529000, y=5391000, radius=56500), Tower(lat=None, lon=None, x=461000, y=5455000, radius=56500), Tower(lat=None, lon=None, x=569000, y=5795000, radius=56500), Tower(lat=None, lon=None, x=355000, y=5697000, radius=56500), Tower(lat=None, lon=None, x=377000, y=5621000, radius=56500), Tower(lat=None, lon=None, x=479000, y=5577000, radius=56500)}, 'problem': <Problem.Problem object at 0x00000256DADD3FE0>}
INFO:root:
--- [Iteration 8/30] ---
INFO:root:Checking north...
INFO:root:Checking northeast...
INFO:root:Checking east...
INFO:root:Checking southeast...
INFO:root:Checking south...
INFO:root:Checking southwest...
INFO:root:Checking west...
INFO:root:Checking northwest...
INFO:root:No better direction found! Next step size is 125
INFO:root:
--- [Iteration 9/30] ---
INFO:root:Checking north...
INFO:root:Checking northeast...
INFO:root:Checking east...
INFO:root:Checking southeast...
INFO:root:Checking south...
INFO:root:Checking southwest...
INFO:root:Checking west...
INFO:root:Checking northwest...
INFO:root:Found a next Minimum! {'costs': 65.13411129951133, 't_1': 13750, 't_2': 56375, 'small_towers': {Tower(lat=None, lon=None, x=425000, y=5365000, radius=13750), Tower(lat=None, lon=None, x=355000, y=5449000, radius=13750), Tower(lat=None, lon=None, x=405000, y=5307000, radius=13750), Tower(lat=None, lon=None, x=455000, y=5331000, radius=13750), Tower(lat=None, lon=None, x=567000, y=5699000, radius=13750), Tower(lat=None, lon=None, x=541000, y=5689000, radius=13750), Tower(lat=None, lon=None, x=427000, y=5693000, radius=13750), Tower(lat=None, lon=None, x=651000, y=5645000, radius=13750), Tower(lat=None, lon=None, x=321000, y=5511000, radius=13750), Tower(lat=None, lon=None, x=553000, y=5611000, radius=13750), Tower(lat=None, lon=None, x=377000, y=5821000, radius=13750), Tower(lat=None, lon=None, x=301000, y=5625000, radius=13750), Tower(lat=None, lon=None, x=569000, y=6007000, radius=13750), Tower(lat=None, lon=None, x=539000, y=6069000, radius=13750), Tower(lat=None, lon=None, x=909000, y=5693000, radius=13750), Tower(lat=None, lon=None, x=801000, y=5823000, radius=13750), Tower(lat=None, lon=None, x=569000, y=5505000, radius=13750), Tower(lat=None, lon=None, x=525000, y=5281000, radius=13750), Tower(lat=None, lon=None, x=879000, y=5811000, radius=13750), Tower(lat=None, lon=None, x=671000, y=5413000, radius=13750), Tower(lat=None, lon=None, x=737000, y=5441000, radius=13750), Tower(lat=None, lon=None, x=815000, y=5389000, radius=13750), Tower(lat=None, lon=None, x=827000, y=5671000, radius=13750), Tower(lat=None, lon=None, x=473000, y=5959000, radius=13750), Tower(lat=None, lon=None, x=609000, y=5295000, radius=13750), Tower(lat=None, lon=None, x=877000, y=5739000, radius=13750)}, 'large_towers': {Tower(lat=None, lon=None, x=723000, y=5655000, radius=56375), Tower(lat=None, lon=None, x=379000, y=5631000, radius=56375), Tower(lat=None, lon=None, x=633000, y=5529000, radius=56375), Tower(lat=None, lon=None, x=529000, y=5393000, radius=56375), Tower(lat=None, lon=None, x=431000, y=5455000, radius=56375), Tower(lat=None, lon=None, x=361000, y=5697000, radius=56375), Tower(lat=None, lon=None, x=751000, y=5975000, radius=56375), Tower(lat=None, lon=None, x=487000, y=5575000, radius=56375), Tower(lat=None, lon=None, x=435000, y=5899000, radius=56375), Tower(lat=None, lon=None, x=567000, y=5797000, radius=56375), Tower(lat=None, lon=None, x=605000, y=5955000, radius=56375), Tower(lat=None, lon=None, x=693000, y=5343000, radius=56375), Tower(lat=None, lon=None, x=445000, y=5771000, radius=56375), Tower(lat=None, lon=None, x=733000, y=5779000, radius=56375)}, 'problem': <Problem.Problem object at 0x000002569C154710>}
INFO:root:
--- [Iteration 10/30] ---
INFO:root:Checking north...
INFO:root:Checking northeast...
INFO:root:Checking east...
INFO:root:Checking southeast...
INFO:root:Checking south...
INFO:root:Checking southwest...
INFO:root:Checking west...
INFO:root:Checking northwest...
INFO:root:No better direction found! Next step size is 62
INFO:root:
--- [Iteration 11/30] ---
INFO:root:Checking north...
INFO:root:Checking northeast...
INFO:root:Checking east...
INFO:root:Checking southeast...
INFO:root:Checking south...
INFO:root:Checking southwest...
INFO:root:Checking west...
INFO:root:Checking northwest...
INFO:root:Found a next Minimum! {'costs': 65.12317207026727, 't_1': 13688, 't_2': 56375, 'small_towers': {Tower(lat=None, lon=None, x=727000, y=5445000, radius=13688), Tower(lat=None, lon=None, x=375000, y=5821000, radius=13688), Tower(lat=None, lon=None, x=907000, y=5685000, radius=13688), Tower(lat=None, lon=None, x=671000, y=5407000, radius=13688), Tower(lat=None, lon=None, x=539000, y=6065000, radius=13688), Tower(lat=None, lon=None, x=553000, y=5609000, radius=13688), Tower(lat=None, lon=None, x=569000, y=6031000, radius=13688), Tower(lat=None, lon=None, x=369000, y=5917000, radius=13688), Tower(lat=None, lon=None, x=815000, y=5385000, radius=13688), Tower(lat=None, lon=None, x=413000, y=5325000, radius=13688), Tower(lat=None, lon=None, x=801000, y=5823000, radius=13688), Tower(lat=None, lon=None, x=305000, y=5627000, radius=13688), Tower(lat=None, lon=None, x=427000, y=5369000, radius=13688), Tower(lat=None, lon=None, x=559000, y=5713000, radius=13688), Tower(lat=None, lon=None, x=537000, y=5687000, radius=13688), Tower(lat=None, lon=None, x=423000, y=5691000, radius=13688), Tower(lat=None, lon=None, x=523000, y=5283000, radius=13688), Tower(lat=None, lon=None, x=473000, y=5315000, radius=13688), Tower(lat=None, lon=None, x=343000, y=5511000, radius=13688), Tower(lat=None, lon=None, x=349000, y=5457000, radius=13688), Tower(lat=None, lon=None, x=593000, y=5283000, radius=13688), Tower(lat=None, lon=None, x=873000, y=5821000, radius=13688), Tower(lat=None, lon=None, x=653000, y=5657000, radius=13688), Tower(lat=None, lon=None, x=829000, y=5679000, radius=13688), Tower(lat=None, lon=None, x=693000, y=5537000, radius=13688), Tower(lat=None, lon=None, x=863000, y=5743000, radius=13688)}, 'large_towers': {Tower(lat=None, lon=None, x=723000, y=5655000, radius=56375), Tower(lat=None, lon=None, x=733000, y=5783000, radius=56375), Tower(lat=None, lon=None, x=489000, y=5917000, radius=56375), Tower(lat=None, lon=None, x=529000, y=5393000, radius=56375), Tower(lat=None, lon=None, x=695000, y=5345000, radius=56375), Tower(lat=None, lon=None, x=481000, y=5579000, radius=56375), Tower(lat=None, lon=None, x=445000, y=5771000, radius=56375), Tower(lat=None, lon=None, x=379000, y=5623000, radius=56375), Tower(lat=None, lon=None, x=429000, y=5449000, radius=56375), Tower(lat=None, lon=None, x=369000, y=5701000, radius=56375), Tower(lat=None, lon=None, x=613000, y=5521000, radius=56375), Tower(lat=None, lon=None, x=605000, y=5955000, radius=56375), Tower(lat=None, lon=None, x=743000, y=5975000, radius=56375), Tower(lat=None, lon=None, x=575000, y=5795000, radius=56375)}, 'problem': <Problem.Problem object at 0x00000257A12BBF20>}
INFO:root:
--- [Iteration 12/30] ---
INFO:root:Checking north...
INFO:root:Checking northeast...
INFO:root:Checking east...
INFO:root:Checking southeast...
INFO:root:Checking south...
INFO:root:Checking southwest...
INFO:root:Checking west...
INFO:root:Checking northwest...
INFO:root:No better direction found! Next step size is 31
INFO:root:
--- [Iteration 13/30] ---
INFO:root:Checking north...
INFO:root:Checking northeast...
INFO:root:Checking east...
INFO:root:Checking southeast...
INFO:root:Checking south...
INFO:root:Checking southwest...
INFO:root:Checking west...
INFO:root:Checking northwest...
INFO:root:No better direction found! Next step size is 16
INFO:root:
--- [Iteration 14/30] ---
INFO:root:Checking north...
INFO:root:Checking northeast...
INFO:root:Checking east...
INFO:root:Checking southeast...
INFO:root:Checking south...
INFO:root:Checking southwest...
INFO:root:Checking west...
INFO:root:Checking northwest...
INFO:root:Found a next Minimum! {'costs': 65.12038207537617, 't_1': 13672, 't_2': 56375, 'small_towers': {Tower(lat=None, lon=None, x=567000, y=5715000, radius=13672), Tower(lat=None, lon=None, x=593000, y=5291000, radius=13672), Tower(lat=None, lon=None, x=913000, y=5683000, radius=13672), Tower(lat=None, lon=None, x=425000, y=5375000, radius=13672), Tower(lat=None, lon=None, x=351000, y=5451000, radius=13672), Tower(lat=None, lon=None, x=675000, y=5405000, radius=13672), Tower(lat=None, lon=None, x=817000, y=5381000, radius=13672), Tower(lat=None, lon=None, x=573000, y=6009000, radius=13672), Tower(lat=None, lon=None, x=381000, y=5815000, radius=13672), Tower(lat=None, lon=None, x=871000, y=5737000, radius=13672), Tower(lat=None, lon=None, x=735000, y=5439000, radius=13672), Tower(lat=None, lon=None, x=421000, y=5327000, radius=13672), Tower(lat=None, lon=None, x=445000, y=5703000, radius=13672), Tower(lat=None, lon=None, x=695000, y=5545000, radius=13672), Tower(lat=None, lon=None, x=801000, y=5823000, radius=13672), Tower(lat=None, lon=None, x=307000, y=5625000, radius=13672), Tower(lat=None, lon=None, x=331000, y=5507000, radius=13672), Tower(lat=None, lon=None, x=473000, y=5321000, radius=13672), Tower(lat=None, lon=None, x=489000, y=5959000, radius=13672), Tower(lat=None, lon=None, x=837000, y=5671000, radius=13672), Tower(lat=None, lon=None, x=655000, y=5655000, radius=13672), Tower(lat=None, lon=None, x=869000, y=5811000, radius=13672), Tower(lat=None, lon=None, x=523000, y=5277000, radius=13672), Tower(lat=None, lon=None, x=525000, y=5693000, radius=13672), Tower(lat=None, lon=None, x=557000, y=5601000, radius=13672), Tower(lat=None, lon=None, x=527000, y=6069000, radius=13672)}, 'large_towers': {Tower(lat=None, lon=None, x=723000, y=5655000, radius=56375), Tower(lat=None, lon=None, x=749000, y=5979000, radius=56375), Tower(lat=None, lon=None, x=487000, y=5573000, radius=56375), Tower(lat=None, lon=None, x=573000, y=5799000, radius=56375), Tower(lat=None, lon=None, x=427000, y=5451000, radius=56375), Tower(lat=None, lon=None, x=693000, y=5341000, radius=56375), Tower(lat=None, lon=None, x=529000, y=5393000, radius=56375), Tower(lat=None, lon=None, x=433000, y=5895000, radius=56375), Tower(lat=None, lon=None, x=377000, y=5623000, radius=56375), Tower(lat=None, lon=None, x=731000, y=5781000, radius=56375), Tower(lat=None, lon=None, x=605000, y=5955000, radius=56375), Tower(lat=None, lon=None, x=363000, y=5705000, radius=56375), Tower(lat=None, lon=None, x=613000, y=5497000, radius=56375), Tower(lat=None, lon=None, x=445000, y=5771000, radius=56375)}, 'problem': <Problem.Problem object at 0x000002587CB0BFE0>}
INFO:root:
--- [Iteration 15/30] ---
INFO:root:Checking north...
INFO:root:Checking northeast...
INFO:root:Checking east...
INFO:root:Checking southeast...
INFO:root:Checking south...
INFO:root:Checking southwest...
INFO:root:Checking west...
INFO:root:Checking northwest...
INFO:root:No better direction found! Next step size is 8
INFO:root:
--- [Iteration 16/30] ---
INFO:root:Checking north...
INFO:root:Checking northeast...
INFO:root:Checking east...
INFO:root:Checking southeast...
INFO:root:Checking south...
INFO:root:Checking southwest...
INFO:root:Checking west...
INFO:root:Checking northwest...
INFO:root:No better direction found! Next step size is 4
INFO:root:
--- [Iteration 17/30] ---
INFO:root:Checking north...
INFO:root:Checking northeast...
INFO:root:Checking east...
INFO:root:Checking southeast...
INFO:root:Checking south...
INFO:root:Checking southwest...
INFO:root:Checking west...
INFO:root:Checking northwest...
INFO:root:Found a next Minimum! {'costs': 65.11968668744004, 't_1': 13668, 't_2': 56375, 'small_towers': {Tower(lat=None, lon=None, x=543000, y=5605000, radius=13668), Tower(lat=None, lon=None, x=863000, y=5755000, radius=13668), Tower(lat=None, lon=None, x=525000, y=5273000, radius=13668), Tower(lat=None, lon=None, x=435000, y=5371000, radius=13668), Tower(lat=None, lon=None, x=655000, y=5649000, radius=13668), Tower(lat=None, lon=None, x=533000, y=5673000, radius=13668), Tower(lat=None, lon=None, x=693000, y=5529000, radius=13668), Tower(lat=None, lon=None, x=873000, y=5815000, radius=13668), Tower(lat=None, lon=None, x=571000, y=6017000, radius=13668), Tower(lat=None, lon=None, x=377000, y=5811000, radius=13668), Tower(lat=None, lon=None, x=525000, y=6073000, radius=13668), Tower(lat=None, lon=None, x=737000, y=5297000, radius=13668), Tower(lat=None, lon=None, x=593000, y=5279000, radius=13668), Tower(lat=None, lon=None, x=319000, y=5515000, radius=13668), Tower(lat=None, lon=None, x=493000, y=5965000, radius=13668), Tower(lat=None, lon=None, x=829000, y=5667000, radius=13668), Tower(lat=None, lon=None, x=425000, y=5693000, radius=13668), Tower(lat=None, lon=None, x=305000, y=5625000, radius=13668), Tower(lat=None, lon=None, x=629000, y=5365000, radius=13668), Tower(lat=None, lon=None, x=915000, y=5691000, radius=13668), Tower(lat=None, lon=None, x=563000, y=5709000, radius=13668), Tower(lat=None, lon=None, x=817000, y=5383000, radius=13668), Tower(lat=None, lon=None, x=801000, y=5823000, radius=13668), Tower(lat=None, lon=None, x=345000, y=5453000, radius=13668), Tower(lat=None, lon=None, x=473000, y=5321000, radius=13668), Tower(lat=None, lon=None, x=407000, y=5311000, radius=13668)}, 'large_towers': {Tower(lat=None, lon=None, x=721000, y=5381000, radius=56375), Tower(lat=None, lon=None, x=723000, y=5655000, radius=56375), Tower(lat=None, lon=None, x=379000, y=5631000, radius=56375), Tower(lat=None, lon=None, x=475000, y=5575000, radius=56375), Tower(lat=None, lon=None, x=747000, y=5985000, radius=56375), Tower(lat=None, lon=None, x=725000, y=5793000, radius=56375), Tower(lat=None, lon=None, x=355000, y=5705000, radius=56375), Tower(lat=None, lon=None, x=435000, y=5901000, radius=56375), Tower(lat=None, lon=None, x=529000, y=5391000, radius=56375), Tower(lat=None, lon=None, x=565000, y=5805000, radius=56375), Tower(lat=None, lon=None, x=611000, y=5519000, radius=56375), Tower(lat=None, lon=None, x=605000, y=5955000, radius=56375), Tower(lat=None, lon=None, x=439000, y=5447000, radius=56375), Tower(lat=None, lon=None, x=445000, y=5771000, radius=56375)}, 'problem': <Problem.Problem object at 0x0000025950CEBFE0>}
INFO:root:
--- [Iteration 18/30] ---
INFO:root:Checking north...
INFO:root:Checking northeast...
INFO:root:Checking east...
INFO:root:Checking southeast...
INFO:root:Checking south...
INFO:root:Checking southwest...
INFO:root:Checking west...
INFO:root:Checking northwest...
INFO:root:No better direction found! Next step size is 2
INFO:root:
--- [Iteration 19/30] ---
INFO:root:Checking north...
INFO:root:Checking northeast...
INFO:root:Checking east...
INFO:root:Checking southeast...
INFO:root:Checking south...
INFO:root:Checking southwest...
INFO:root:Checking west...
INFO:root:Checking northwest...
INFO:root:Found a next Minimum! {'costs': 65.11681917280248, 't_1': 13668, 't_2': 56373, 'small_towers': {Tower(lat=None, lon=None, x=541000, y=5607000, radius=13668), Tower(lat=None, lon=None, x=907000, y=5683000, radius=13668), Tower(lat=None, lon=None, x=653000, y=5643000, radius=13668), Tower(lat=None, lon=None, x=381000, y=5813000, radius=13668), Tower(lat=None, lon=None, x=743000, y=5297000, radius=13668), Tower(lat=None, lon=None, x=459000, y=5321000, radius=13668), Tower(lat=None, lon=None, x=631000, y=5355000, radius=13668), Tower(lat=None, lon=None, x=325000, y=5515000, radius=13668), Tower(lat=None, lon=None, x=869000, y=5805000, radius=13668), Tower(lat=None, lon=None, x=559000, y=5715000, radius=13668), Tower(lat=None, lon=None, x=531000, y=6065000, radius=13668), Tower(lat=None, lon=None, x=825000, y=5399000, radius=13668), Tower(lat=None, lon=None, x=563000, y=6017000, radius=13668), Tower(lat=None, lon=None, x=567000, y=5503000, radius=13668), Tower(lat=None, lon=None, x=443000, y=5703000, radius=13668), Tower(lat=None, lon=None, x=863000, y=5751000, radius=13668), Tower(lat=None, lon=None, x=351000, y=5453000, radius=13668), Tower(lat=None, lon=None, x=829000, y=5667000, radius=13668), Tower(lat=None, lon=None, x=375000, y=5911000, radius=13668), Tower(lat=None, lon=None, x=525000, y=5277000, radius=13668), Tower(lat=None, lon=None, x=607000, y=5297000, radius=13668), Tower(lat=None, lon=None, x=413000, y=5373000, radius=13668), Tower(lat=None, lon=None, x=299000, y=5623000, radius=13668), Tower(lat=None, lon=None, x=541000, y=5673000, radius=13668), Tower(lat=None, lon=None, x=801000, y=5823000, radius=13668), Tower(lat=None, lon=None, x=405000, y=5307000, radius=13668)}, 'large_towers': {Tower(lat=None, lon=None, x=575000, y=5781000, radius=56373), Tower(lat=None, lon=None, x=529000, y=5391000, radius=56373), Tower(lat=None, lon=None, x=639000, y=5527000, radius=56373), Tower(lat=None, lon=None, x=605000, y=5955000, radius=56373), Tower(lat=None, lon=None, x=481000, y=5577000, radius=56373), Tower(lat=None, lon=None, x=361000, y=5705000, radius=56373), Tower(lat=None, lon=None, x=377000, y=5629000, radius=56373), Tower(lat=None, lon=None, x=447000, y=5453000, radius=56373), Tower(lat=None, lon=None, x=445000, y=5771000, radius=56373), Tower(lat=None, lon=None, x=723000, y=5655000, radius=56373), Tower(lat=None, lon=None, x=749000, y=5979000, radius=56373), Tower(lat=None, lon=None, x=717000, y=5383000, radius=56373), Tower(lat=None, lon=None, x=469000, y=5919000, radius=56373), Tower(lat=None, lon=None, x=731000, y=5791000, radius=56373)}, 'problem': <Problem.Problem object at 0x00000259D44CFFE0>}
INFO:root:
--- [Iteration 20/30] ---
INFO:root:Checking north...
INFO:root:Checking northeast...
INFO:root:Checking east...
INFO:root:Checking southeast...
INFO:root:Checking south...
INFO:root:Checking southwest...
INFO:root:Checking west...
INFO:root:Checking northwest...
INFO:root:No better direction found! Next step size is 1
INFO:root:
============================================================
INFO:root:               FINALE ERGEBNIS-ZUSAMMENFASSUNG
INFO:root:------------------------------------------------------------
INFO:root: BESTE RADIEN:                  S=13668m, L=56373m
INFO:root: Gebaute kleine Masten (Blau):  26
INFO:root: Gebaute große Masten (Lila):  14
INFO:root: FINALE MINIMALKOSTEN:          65.12 GE
INFO:root:============================================================
INFO:root:STARTING POINT (20000, 30000)
INFO:root:
--- [Iteration 1/30] ---
INFO:root:Checking north...
INFO:root:Checking northeast...
INFO:root:Checking east...
INFO:root:Checking southeast...
INFO:root:Checking south...
INFO:root:Checking southwest...
INFO:root:Checking west...
INFO:root:Checking northwest...
INFO:root:No better direction found! Next step size is 1000
INFO:root:
--- [Iteration 2/30] ---
INFO:root:Checking north...
INFO:root:Checking northeast...
INFO:root:Checking east...
INFO:root:Checking southeast...
INFO:root:Checking south...
INFO:root:Checking southwest...
INFO:root:Checking west...
INFO:root:Checking northwest...
INFO:root:No better direction found! Next step size is 500
INFO:root:
--- [Iteration 3/30] ---
INFO:root:Checking north...
INFO:root:Checking northeast...
INFO:root:Checking east...
INFO:root:Checking southeast...
INFO:root:Checking south...
INFO:root:Checking southwest...
INFO:root:Checking west...
INFO:root:Checking northwest...
INFO:root:Found a next Minimum! {'costs': 64.58325520282189, 't_1': 20500, 't_2': 30000, 'small_towers': {Tower(lat=None, lon=None, x=519000, y=5385000, radius=20500), Tower(lat=None, lon=None, x=467000, y=5883000, radius=20500), Tower(lat=None, lon=None, x=577000, y=6003000, radius=20500), Tower(lat=None, lon=None, x=523000, y=6055000, radius=20500), Tower(lat=None, lon=None, x=377000, y=5803000, radius=20500), Tower(lat=None, lon=None, x=515000, y=5427000, radius=20500), Tower(lat=None, lon=None, x=861000, y=5823000, radius=20500), Tower(lat=None, lon=None, x=781000, y=5635000, radius=20500), Tower(lat=None, lon=None, x=401000, y=5571000, radius=20500), Tower(lat=None, lon=None, x=807000, y=5385000, radius=20500), Tower(lat=None, lon=None, x=769000, y=5935000, radius=20500), Tower(lat=None, lon=None, x=613000, y=5791000, radius=20500), Tower(lat=None, lon=None, x=855000, y=5753000, radius=20500), Tower(lat=None, lon=None, x=465000, y=5545000, radius=20500), Tower(lat=None, lon=None, x=581000, y=5527000, radius=20500), Tower(lat=None, lon=None, x=837000, y=5653000, radius=20500), Tower(lat=None, lon=None, x=663000, y=5649000, radius=20500), Tower(lat=None, lon=None, x=533000, y=5607000, radius=20500), Tower(lat=None, lon=None, x=509000, y=5781000, radius=20500), Tower(lat=None, lon=None, x=319000, y=5517000, radius=20500), Tower(lat=None, lon=None, x=793000, y=5825000, radius=20500), Tower(lat=None, lon=None, x=691000, y=5777000, radius=20500), Tower(lat=None, lon=None, x=721000, y=5987000, radius=20500), Tower(lat=None, lon=None, x=373000, y=5929000, radius=20500), Tower(lat=None, lon=None, x=579000, y=5291000, radius=20500), Tower(lat=None, lon=None, x=491000, y=5535000, radius=20500), Tower(lat=None, lon=None, x=657000, y=5493000, radius=20500), Tower(lat=None, lon=None, x=531000, y=5281000, radius=20500), Tower(lat=None, lon=None, x=775000, y=6013000, radius=20500), Tower(lat=None, lon=None, x=355000, y=5465000, radius=20500), Tower(lat=None, lon=None, x=431000, y=5387000, radius=20500), Tower(lat=None, lon=None, x=551000, y=5697000, radius=20500), Tower(lat=None, lon=None, x=727000, y=5801000, radius=20500), Tower(lat=None, lon=None, x=905000, y=5699000, radius=20500)}, 'large_towers': {Tower(lat=None, lon=None, x=635000, y=5955000, radius=30000), Tower(lat=None, lon=None, x=661000, y=5519000, radius=30000), Tower(lat=None, lon=None, x=477000, y=5745000, radius=30000), Tower(lat=None, lon=None, x=731000, y=5721000, radius=30000), Tower(lat=None, lon=None, x=659000, y=5383000, radius=30000), Tower(lat=None, lon=None, x=437000, y=5485000, radius=30000), Tower(lat=None, lon=None, x=721000, y=5331000, radius=30000), Tower(lat=None, lon=None, x=575000, y=5387000, radius=30000), Tower(lat=None, lon=None, x=373000, y=5643000, radius=30000), Tower(lat=None, lon=None, x=459000, y=5625000, radius=30000), Tower(lat=None, lon=None, x=727000, y=5625000, radius=30000), Tower(lat=None, lon=None, x=345000, y=5689000, radius=30000), Tower(lat=None, lon=None, x=355000, y=5723000, radius=30000), Tower(lat=None, lon=None, x=469000, y=5943000, radius=30000), Tower(lat=None, lon=None, x=423000, y=5765000, radius=30000), Tower(lat=None, lon=None, x=475000, y=5443000, radius=30000), Tower(lat=None, lon=None, x=583000, y=5927000, radius=30000), Tower(lat=None, lon=None, x=411000, y=5701000, radius=30000), Tower(lat=None, lon=None, x=727000, y=5407000, radius=30000), Tower(lat=None, lon=None, x=321000, y=5627000, radius=30000), Tower(lat=None, lon=None, x=557000, y=5807000, radius=30000), Tower(lat=None, lon=None, x=435000, y=5315000, radius=30000)}, 'problem': <Problem.Problem object at 0x0000025A45F33FE0>}
INFO:root:
--- [Iteration 4/30] ---
INFO:root:Checking north...
INFO:root:Checking northeast...
INFO:root:Checking east...
INFO:root:Checking southeast...
INFO:root:Checking south...
INFO:root:Checking southwest...
INFO:root:Checking west...
INFO:root:Checking northwest...
INFO:root:No better direction found! Next step size is 250
INFO:root:
--- [Iteration 5/30] ---
INFO:root:Checking north...
INFO:root:Checking northeast...
INFO:root:Checking east...
INFO:root:Checking southeast...
INFO:root:Checking south...
INFO:root:Checking southwest...
INFO:root:Checking west...
INFO:root:Checking northwest...
INFO:root:Found a next Minimum! {'costs': 64.36644536302175, 't_1': 20250, 't_2': 30000, 'small_towers': {Tower(lat=None, lon=None, x=549000, y=5699000, radius=20250), Tower(lat=None, lon=None, x=611000, y=5793000, radius=20250), Tower(lat=None, lon=None, x=673000, y=5531000, radius=20250), Tower(lat=None, lon=None, x=775000, y=6009000, radius=20250), Tower(lat=None, lon=None, x=873000, y=5809000, radius=20250), Tower(lat=None, lon=None, x=381000, y=5809000, radius=20250), Tower(lat=None, lon=None, x=311000, y=5509000, radius=20250), Tower(lat=None, lon=None, x=405000, y=5575000, radius=20250), Tower(lat=None, lon=None, x=531000, y=6075000, radius=20250), Tower(lat=None, lon=None, x=809000, y=5397000, radius=20250), Tower(lat=None, lon=None, x=663000, y=5649000, radius=20250), Tower(lat=None, lon=None, x=795000, y=5821000, radius=20250), Tower(lat=None, lon=None, x=533000, y=5607000, radius=20250), Tower(lat=None, lon=None, x=513000, y=5425000, radius=20250), Tower(lat=None, lon=None, x=531000, y=5271000, radius=20250), Tower(lat=None, lon=None, x=585000, y=5283000, radius=20250), Tower(lat=None, lon=None, x=573000, y=6005000, radius=20250), Tower(lat=None, lon=None, x=465000, y=5547000, radius=20250), Tower(lat=None, lon=None, x=763000, y=5937000, radius=20250), Tower(lat=None, lon=None, x=793000, y=5641000, radius=20250), Tower(lat=None, lon=None, x=491000, y=5535000, radius=20250), Tower(lat=None, lon=None, x=511000, y=5785000, radius=20250), Tower(lat=None, lon=None, x=671000, y=5789000, radius=20250), Tower(lat=None, lon=None, x=433000, y=5385000, radius=20250), Tower(lat=None, lon=None, x=575000, y=5529000, radius=20250), Tower(lat=None, lon=None, x=865000, y=5747000, radius=20250), Tower(lat=None, lon=None, x=729000, y=5813000, radius=20250), Tower(lat=None, lon=None, x=705000, y=5987000, radius=20250), Tower(lat=None, lon=None, x=343000, y=5457000, radius=20250), Tower(lat=None, lon=None, x=901000, y=5685000, radius=20250), Tower(lat=None, lon=None, x=819000, y=5665000, radius=20250), Tower(lat=None, lon=None, x=371000, y=5907000, radius=20250), Tower(lat=None, lon=None, x=467000, y=5883000, radius=20250), Tower(lat=None, lon=None, x=507000, y=5387000, radius=20250)}, 'large_towers': {Tower(lat=None, lon=None, x=357000, y=5725000, radius=30000), Tower(lat=None, lon=None, x=637000, y=5961000, radius=30000), Tower(lat=None, lon=None, x=731000, y=5625000, radius=30000), Tower(lat=None, lon=None, x=575000, y=5923000, radius=30000), Tower(lat=None, lon=None, x=567000, y=5387000, radius=30000), Tower(lat=None, lon=None, x=345000, y=5691000, radius=30000), Tower(lat=None, lon=None, x=323000, y=5635000, radius=30000), Tower(lat=None, lon=None, x=653000, y=5505000, radius=30000), Tower(lat=None, lon=None, x=707000, y=5313000, radius=30000), Tower(lat=None, lon=None, x=467000, y=5947000, radius=30000), Tower(lat=None, lon=None, x=435000, y=5313000, radius=30000), Tower(lat=None, lon=None, x=467000, y=5749000, radius=30000), Tower(lat=None, lon=None, x=423000, y=5765000, radius=30000), Tower(lat=None, lon=None, x=569000, y=5805000, radius=30000), Tower(lat=None, lon=None, x=475000, y=5443000, radius=30000), Tower(lat=None, lon=None, x=437000, y=5489000, radius=30000), Tower(lat=None, lon=None, x=455000, y=5621000, radius=30000), Tower(lat=None, lon=None, x=381000, y=5647000, radius=30000), Tower(lat=None, lon=None, x=661000, y=5381000, radius=30000), Tower(lat=None, lon=None, x=409000, y=5703000, radius=30000), Tower(lat=None, lon=None, x=725000, y=5721000, radius=30000), Tower(lat=None, lon=None, x=731000, y=5405000, radius=30000)}, 'problem': <Problem.Problem object at 0x0000025A87357FE0>}
INFO:root:
--- [Iteration 6/30] ---
INFO:root:Checking north...
INFO:root:Checking northeast...
INFO:root:Checking east...
INFO:root:Checking southeast...
INFO:root:Checking south...
INFO:root:Checking southwest...
INFO:root:Checking west...
INFO:root:Checking northwest...
INFO:root:No better direction found! Next step size is 125
INFO:root:
--- [Iteration 7/30] ---
INFO:root:Checking north...
INFO:root:Checking northeast...
INFO:root:Checking east...
INFO:root:Checking southeast...
INFO:root:Checking south...
INFO:root:Checking southwest...
INFO:root:Checking west...
INFO:root:Checking northwest...
INFO:root:No better direction found! Next step size is 62
INFO:root:
--- [Iteration 8/30] ---
INFO:root:Checking north...
INFO:root:Checking northeast...
INFO:root:Checking east...
INFO:root:Checking southeast...
INFO:root:Checking south...
INFO:root:Checking southwest...
INFO:root:Checking west...
INFO:root:Checking northwest...
INFO:root:Found a next Minimum! {'costs': 64.30473681846865, 't_1': 20250, 't_2': 29938, 'small_towers': {Tower(lat=None, lon=None, x=783000, y=5957000, radius=20250), Tower(lat=None, lon=None, x=649000, y=5497000, radius=20250), Tower(lat=None, lon=None, x=347000, y=5463000, radius=20250), Tower(lat=None, lon=None, x=609000, y=5795000, radius=20250), Tower(lat=None, lon=None, x=727000, y=5707000, radius=20250), Tower(lat=None, lon=None, x=317000, y=5513000, radius=20250), Tower(lat=None, lon=None, x=913000, y=5685000, radius=20250), Tower(lat=None, lon=None, x=517000, y=5427000, radius=20250), Tower(lat=None, lon=None, x=565000, y=6007000, radius=20250), Tower(lat=None, lon=None, x=387000, y=5807000, radius=20250), Tower(lat=None, lon=None, x=437000, y=5383000, radius=20250), Tower(lat=None, lon=None, x=819000, y=5661000, radius=20250), Tower(lat=None, lon=None, x=693000, y=5999000, radius=20250), Tower(lat=None, lon=None, x=589000, y=5285000, radius=20250), Tower(lat=None, lon=None, x=795000, y=5821000, radius=20250), Tower(lat=None, lon=None, x=411000, y=5583000, radius=20250), Tower(lat=None, lon=None, x=465000, y=5547000, radius=20250), Tower(lat=None, lon=None, x=527000, y=5277000, radius=20250), Tower(lat=None, lon=None, x=663000, y=5651000, radius=20250), Tower(lat=None, lon=None, x=779000, y=6013000, radius=20250), Tower(lat=None, lon=None, x=727000, y=5827000, radius=20250), Tower(lat=None, lon=None, x=371000, y=5905000, radius=20250), Tower(lat=None, lon=None, x=491000, y=5535000, radius=20250), Tower(lat=None, lon=None, x=789000, y=5653000, radius=20250), Tower(lat=None, lon=None, x=863000, y=5809000, radius=20250), Tower(lat=None, lon=None, x=529000, y=5593000, radius=20250), Tower(lat=None, lon=None, x=511000, y=5387000, radius=20250), Tower(lat=None, lon=None, x=465000, y=5733000, radius=20250), Tower(lat=None, lon=None, x=575000, y=5529000, radius=20250), Tower(lat=None, lon=None, x=851000, y=5739000, radius=20250), Tower(lat=None, lon=None, x=547000, y=5701000, radius=20250), Tower(lat=None, lon=None, x=515000, y=6065000, radius=20250), Tower(lat=None, lon=None, x=815000, y=5395000, radius=20250), Tower(lat=None, lon=None, x=467000, y=5883000, radius=20250)}, 'large_towers': {Tower(lat=None, lon=None, x=359000, y=5727000, radius=29938), Tower(lat=None, lon=None, x=497000, y=5765000, radius=29938), Tower(lat=None, lon=None, x=725000, y=5405000, radius=29938), Tower(lat=None, lon=None, x=411000, y=5701000, radius=29938), Tower(lat=None, lon=None, x=565000, y=5803000, radius=29938), Tower(lat=None, lon=None, x=423000, y=5765000, radius=29938), Tower(lat=None, lon=None, x=371000, y=5651000, radius=29938), Tower(lat=None, lon=None, x=705000, y=5767000, radius=29938), Tower(lat=None, lon=None, x=345000, y=5689000, radius=29938), Tower(lat=None, lon=None, x=657000, y=5383000, radius=29938), Tower(lat=None, lon=None, x=719000, y=5327000, radius=29938), Tower(lat=None, lon=None, x=723000, y=5617000, radius=29938), Tower(lat=None, lon=None, x=631000, y=5953000, radius=29938), Tower(lat=None, lon=None, x=575000, y=5923000, radius=29938), Tower(lat=None, lon=None, x=479000, y=5443000, radius=29938), Tower(lat=None, lon=None, x=437000, y=5335000, radius=29938), Tower(lat=None, lon=None, x=321000, y=5625000, radius=29938), Tower(lat=None, lon=None, x=457000, y=5621000, radius=29938), Tower(lat=None, lon=None, x=663000, y=5519000, radius=29938), Tower(lat=None, lon=None, x=459000, y=5951000, radius=29938), Tower(lat=None, lon=None, x=437000, y=5475000, radius=29938), Tower(lat=None, lon=None, x=567000, y=5389000, radius=29938)}, 'problem': <Problem.Problem object at 0x0000025AB0320CB0>}
INFO:root:
--- [Iteration 9/30] ---
INFO:root:Checking north...
INFO:root:Checking northeast...
INFO:root:Checking east...
INFO:root:Checking southeast...
INFO:root:Checking south...
INFO:root:Checking southwest...
INFO:root:Checking west...
INFO:root:Checking northwest...
INFO:root:No better direction found! Next step size is 31
INFO:root:
--- [Iteration 10/30] ---
INFO:root:Checking north...
INFO:root:Checking northeast...
INFO:root:Checking east...
INFO:root:Checking southeast...
INFO:root:Checking south...
INFO:root:Checking southwest...
INFO:root:Checking west...
INFO:root:Checking northwest...
INFO:root:Found a next Minimum! {'costs': 64.24752703075447, 't_1': 20219, 't_2': 29907, 'small_towers': {Tower(lat=None, lon=None, x=321000, y=5519000, radius=20219), Tower(lat=None, lon=None, x=393000, y=5569000, radius=20219), Tower(lat=None, lon=None, x=509000, y=5433000, radius=20219), Tower(lat=None, lon=None, x=463000, y=5549000, radius=20219), Tower(lat=None, lon=None, x=773000, y=5957000, radius=20219), Tower(lat=None, lon=None, x=515000, y=5391000, radius=20219), Tower(lat=None, lon=None, x=467000, y=5883000, radius=20219), Tower(lat=None, lon=None, x=435000, y=5385000, radius=20219), Tower(lat=None, lon=None, x=807000, y=5391000, radius=20219), Tower(lat=None, lon=None, x=341000, y=5461000, radius=20219), Tower(lat=None, lon=None, x=565000, y=6005000, radius=20219), Tower(lat=None, lon=None, x=849000, y=5741000, radius=20219), Tower(lat=None, lon=None, x=611000, y=5793000, radius=20219), Tower(lat=None, lon=None, x=591000, y=5275000, radius=20219), Tower(lat=None, lon=None, x=533000, y=5611000, radius=20219), Tower(lat=None, lon=None, x=681000, y=5765000, radius=20219), Tower(lat=None, lon=None, x=775000, y=5659000, radius=20219), Tower(lat=None, lon=None, x=823000, y=5679000, radius=20219), Tower(lat=None, lon=None, x=693000, y=5991000, radius=20219), Tower(lat=None, lon=None, x=901000, y=5689000, radius=20219), Tower(lat=None, lon=None, x=377000, y=5805000, radius=20219), Tower(lat=None, lon=None, x=859000, y=5811000, radius=20219), Tower(lat=None, lon=None, x=795000, y=5821000, radius=20219), Tower(lat=None, lon=None, x=727000, y=5825000, radius=20219), Tower(lat=None, lon=None, x=575000, y=5533000, radius=20219), Tower(lat=None, lon=None, x=513000, y=6065000, radius=20219), Tower(lat=None, lon=None, x=521000, y=5289000, radius=20219), Tower(lat=None, lon=None, x=663000, y=5651000, radius=20219), Tower(lat=None, lon=None, x=369000, y=5919000, radius=20219), Tower(lat=None, lon=None, x=505000, y=5777000, radius=20219), Tower(lat=None, lon=None, x=491000, y=5535000, radius=20219), Tower(lat=None, lon=None, x=771000, y=6011000, radius=20219), Tower(lat=None, lon=None, x=681000, y=5555000, radius=20219), Tower(lat=None, lon=None, x=549000, y=5697000, radius=20219)}, 'large_towers': {Tower(lat=None, lon=None, x=459000, y=5951000, radius=29907), Tower(lat=None, lon=None, x=423000, y=5765000, radius=29907), Tower(lat=None, lon=None, x=581000, y=5927000, radius=29907), Tower(lat=None, lon=None, x=727000, y=5627000, radius=29907), Tower(lat=None, lon=None, x=633000, y=5501000, radius=29907), Tower(lat=None, lon=None, x=465000, y=5747000, radius=29907), Tower(lat=None, lon=None, x=635000, y=5953000, radius=29907), Tower(lat=None, lon=None, x=567000, y=5803000, radius=29907), Tower(lat=None, lon=None, x=433000, y=5481000, radius=29907), Tower(lat=None, lon=None, x=657000, y=5383000, radius=29907), Tower(lat=None, lon=None, x=323000, y=5625000, radius=29907), Tower(lat=None, lon=None, x=727000, y=5409000, radius=29907), Tower(lat=None, lon=None, x=373000, y=5641000, radius=29907), Tower(lat=None, lon=None, x=717000, y=5327000, radius=29907), Tower(lat=None, lon=None, x=359000, y=5729000, radius=29907), Tower(lat=None, lon=None, x=457000, y=5625000, radius=29907), Tower(lat=None, lon=None, x=411000, y=5703000, radius=29907), Tower(lat=None, lon=None, x=731000, y=5721000, radius=29907), Tower(lat=None, lon=None, x=347000, y=5683000, radius=29907), Tower(lat=None, lon=None, x=567000, y=5387000, radius=29907), Tower(lat=None, lon=None, x=479000, y=5443000, radius=29907), Tower(lat=None, lon=None, x=437000, y=5315000, radius=29907)}, 'problem': <Problem.Problem object at 0x0000025B0DC43FE0>}
INFO:root:
--- [Iteration 11/30] ---
INFO:root:Checking north...
INFO:root:Checking northeast...
INFO:root:Checking east...
INFO:root:Checking southeast...
INFO:root:Checking south...
INFO:root:Checking southwest...
INFO:root:Checking west...
INFO:root:Checking northwest...
INFO:root:No better direction found! Next step size is 16
INFO:root:
--- [Iteration 12/30] ---
INFO:root:Checking north...
INFO:root:Checking northeast...
INFO:root:Checking east...
INFO:root:Checking southeast...
INFO:root:Checking south...
INFO:root:Checking southwest...
INFO:root:Checking west...
INFO:root:Checking northwest...
INFO:root:No better direction found! Next step size is 8
INFO:root:
--- [Iteration 13/30] ---
INFO:root:Checking north...
INFO:root:Checking northeast...
INFO:root:Checking east...
INFO:root:Checking southeast...
INFO:root:Checking south...
INFO:root:Checking southwest...
INFO:root:Checking west...
INFO:root:Checking northwest...
INFO:root:Found a next Minimum! {'costs': 64.23278397758416, 't_1': 20211, 't_2': 29899, 'small_towers': {Tower(lat=None, lon=None, x=723000, y=5805000, radius=20211), Tower(lat=None, lon=None, x=811000, y=5395000, radius=20211), Tower(lat=None, lon=None, x=381000, y=5809000, radius=20211), Tower(lat=None, lon=None, x=513000, y=5789000, radius=20211), Tower(lat=None, lon=None, x=343000, y=5453000, radius=20211), Tower(lat=None, lon=None, x=795000, y=5821000, radius=20211), Tower(lat=None, lon=None, x=663000, y=5649000, radius=20211), Tower(lat=None, lon=None, x=317000, y=5507000, radius=20211), Tower(lat=None, lon=None, x=687000, y=5991000, radius=20211), Tower(lat=None, lon=None, x=371000, y=5903000, radius=20211), Tower(lat=None, lon=None, x=777000, y=6013000, radius=20211), Tower(lat=None, lon=None, x=465000, y=5547000, radius=20211), Tower(lat=None, lon=None, x=583000, y=5527000, radius=20211), Tower(lat=None, lon=None, x=569000, y=6005000, radius=20211), Tower(lat=None, lon=None, x=501000, y=5431000, radius=20211), Tower(lat=None, lon=None, x=781000, y=5639000, radius=20211), Tower(lat=None, lon=None, x=491000, y=5535000, radius=20211), Tower(lat=None, lon=None, x=773000, y=5955000, radius=20211), Tower(lat=None, lon=None, x=673000, y=5781000, radius=20211), Tower(lat=None, lon=None, x=515000, y=6057000, radius=20211), Tower(lat=None, lon=None, x=433000, y=5385000, radius=20211), Tower(lat=None, lon=None, x=381000, y=5573000, radius=20211), Tower(lat=None, lon=None, x=551000, y=5697000, radius=20211), Tower(lat=None, lon=None, x=545000, y=5599000, radius=20211), Tower(lat=None, lon=None, x=827000, y=5655000, radius=20211), Tower(lat=None, lon=None, x=515000, y=5391000, radius=20211), Tower(lat=None, lon=None, x=523000, y=5285000, radius=20211), Tower(lat=None, lon=None, x=859000, y=5809000, radius=20211), Tower(lat=None, lon=None, x=467000, y=5883000, radius=20211), Tower(lat=None, lon=None, x=699000, y=5527000, radius=20211), Tower(lat=None, lon=None, x=601000, y=5301000, radius=20211), Tower(lat=None, lon=None, x=849000, y=5741000, radius=20211), Tower(lat=None, lon=None, x=901000, y=5687000, radius=20211), Tower(lat=None, lon=None, x=611000, y=5793000, radius=20211)}, 'large_towers': {Tower(lat=None, lon=None, x=371000, y=5651000, radius=29899), Tower(lat=None, lon=None, x=467000, y=5943000, radius=29899), Tower(lat=None, lon=None, x=455000, y=5621000, radius=29899), Tower(lat=None, lon=None, x=657000, y=5383000, radius=29899), Tower(lat=None, lon=None, x=569000, y=5389000, radius=29899), Tower(lat=None, lon=None, x=727000, y=5615000, radius=29899), Tower(lat=None, lon=None, x=359000, y=5729000, radius=29899), Tower(lat=None, lon=None, x=731000, y=5721000, radius=29899), Tower(lat=None, lon=None, x=725000, y=5407000, radius=29899), Tower(lat=None, lon=None, x=477000, y=5443000, radius=29899), Tower(lat=None, lon=None, x=721000, y=5331000, radius=29899), Tower(lat=None, lon=None, x=563000, y=5803000, radius=29899), Tower(lat=None, lon=None, x=409000, y=5699000, radius=29899), Tower(lat=None, lon=None, x=637000, y=5503000, radius=29899), Tower(lat=None, lon=None, x=585000, y=5929000, radius=29899), Tower(lat=None, lon=None, x=423000, y=5765000, radius=29899), Tower(lat=None, lon=None, x=633000, y=5953000, radius=29899), Tower(lat=None, lon=None, x=347000, y=5685000, radius=29899), Tower(lat=None, lon=None, x=317000, y=5625000, radius=29899), Tower(lat=None, lon=None, x=473000, y=5747000, radius=29899), Tower(lat=None, lon=None, x=437000, y=5325000, radius=29899), Tower(lat=None, lon=None, x=435000, y=5487000, radius=29899)}, 'problem': <Problem.Problem object at 0x0000025B5557AEA0>}
INFO:root:
--- [Iteration 14/30] ---
INFO:root:Checking north...
INFO:root:Checking northeast...
INFO:root:Checking east...
INFO:root:Checking southeast...
INFO:root:Checking south...
INFO:root:Checking southwest...
INFO:root:Checking west...
INFO:root:Checking northwest...
INFO:root:No better direction found! Next step size is 4
INFO:root:
--- [Iteration 15/30] ---
INFO:root:Checking north...
INFO:root:Checking northeast...
INFO:root:Checking east...
INFO:root:Checking southeast...
INFO:root:Checking south...
INFO:root:Checking southwest...
INFO:root:Checking west...
INFO:root:Checking northwest...
INFO:root:No better direction found! Next step size is 2
INFO:root:
--- [Iteration 16/30] ---
INFO:root:Checking north...
INFO:root:Checking northeast...
INFO:root:Checking east...
INFO:root:Checking southeast...
INFO:root:Checking south...
INFO:root:Checking southwest...
INFO:root:Checking west...
INFO:root:Checking northwest...
INFO:root:No better direction found! Next step size is 1
INFO:root:
============================================================
INFO:root:               FINALE ERGEBNIS-ZUSAMMENFASSUNG
INFO:root:------------------------------------------------------------
INFO:root: BESTE RADIEN:                  S=20211m, L=29899m
INFO:root: Gebaute kleine Masten (Blau):  34
INFO:root: Gebaute große Masten (Lila):  22
INFO:root: FINALE MINIMALKOSTEN:          64.23 GE
INFO:root:============================================================
INFO:root:STARTING POINT (20000, 35000)
INFO:root:
--- [Iteration 1/30] ---
INFO:root:Checking north...
INFO:root:Checking northeast...
INFO:root:Checking east...
INFO:root:Checking southeast...
INFO:root:Checking south...
INFO:root:Checking southwest...
INFO:root:Checking west...
INFO:root:Checking northwest...
INFO:root:Found a next Minimum! {'costs': 61.17836999412114, 't_1': 18000, 't_2': 37000, 'small_towers': {Tower(lat=None, lon=None, x=399000, y=5593000, radius=18000), Tower(lat=None, lon=None, x=765000, y=5939000, radius=18000), Tower(lat=None, lon=None, x=819000, y=5675000, radius=18000), Tower(lat=None, lon=None, x=811000, y=5397000, radius=18000), Tower(lat=None, lon=None, x=745000, y=5315000, radius=18000), Tower(lat=None, lon=None, x=349000, y=5757000, radius=18000), Tower(lat=None, lon=None, x=567000, y=6005000, radius=18000), Tower(lat=None, lon=None, x=469000, y=5955000, radius=18000), Tower(lat=None, lon=None, x=443000, y=5419000, radius=18000), Tower(lat=None, lon=None, x=773000, y=6011000, radius=18000), Tower(lat=None, lon=None, x=587000, y=5293000, radius=18000), Tower(lat=None, lon=None, x=523000, y=5275000, radius=18000), Tower(lat=None, lon=None, x=475000, y=5615000, radius=18000), Tower(lat=None, lon=None, x=579000, y=5529000, radius=18000), Tower(lat=None, lon=None, x=371000, y=5929000, radius=18000), Tower(lat=None, lon=None, x=531000, y=5595000, radius=18000), Tower(lat=None, lon=None, x=903000, y=5691000, radius=18000), Tower(lat=None, lon=None, x=519000, y=6075000, radius=18000)}, 'large_towers': {Tower(lat=None, lon=None, x=747000, y=5625000, radius=37000), Tower(lat=None, lon=None, x=777000, y=5821000, radius=37000), Tower(lat=None, lon=None, x=429000, y=5339000, radius=37000), Tower(lat=None, lon=None, x=477000, y=5529000, radius=37000), Tower(lat=None, lon=None, x=709000, y=5403000, radius=37000), Tower(lat=None, lon=None, x=447000, y=5475000, radius=37000), Tower(lat=None, lon=None, x=471000, y=5913000, radius=37000), Tower(lat=None, lon=None, x=875000, y=5783000, radius=37000), Tower(lat=None, lon=None, x=659000, y=5511000, radius=37000), Tower(lat=None, lon=None, x=679000, y=5975000, radius=37000), Tower(lat=None, lon=None, x=351000, y=5695000, radius=37000), Tower(lat=None, lon=None, x=649000, y=5633000, radius=37000), Tower(lat=None, lon=None, x=597000, y=5937000, radius=37000), Tower(lat=None, lon=None, x=325000, y=5645000, radius=37000), Tower(lat=None, lon=None, x=395000, y=5643000, radius=37000), Tower(lat=None, lon=None, x=713000, y=5717000, radius=37000), Tower(lat=None, lon=None, x=573000, y=5795000, radius=37000), Tower(lat=None, lon=None, x=399000, y=5791000, radius=37000), Tower(lat=None, lon=None, x=427000, y=5701000, radius=37000), Tower(lat=None, lon=None, x=559000, y=5393000, radius=37000), Tower(lat=None, lon=None, x=493000, y=5757000, radius=37000), Tower(lat=None, lon=None, x=651000, y=5799000, radius=37000), Tower(lat=None, lon=None, x=557000, y=5679000, radius=37000), Tower(lat=None, lon=None, x=341000, y=5483000, radius=37000), Tower(lat=None, lon=None, x=509000, y=5407000, radius=37000), Tower(lat=None, lon=None, x=675000, y=5351000, radius=37000)}, 'problem': <Problem.Problem object at 0x0000025BC9A13FE0>}
INFO:root:
--- [Iteration 2/30] ---
INFO:root:Checking north...
INFO:root:Checking northeast...
INFO:root:Checking east...
INFO:root:Checking southeast...
INFO:root:Checking south...
INFO:root:Checking southwest...
INFO:root:Checking west...
INFO:root:Checking northwest...
INFO:root:No better direction found! Next step size is 1000
INFO:root:
--- [Iteration 3/30] ---
INFO:root:Checking north...
INFO:root:Checking northeast...
INFO:root:Checking east...
INFO:root:Checking southeast...
INFO:root:Checking south...
INFO:root:Checking southwest...
INFO:root:Checking west...
INFO:root:Checking northwest...
INFO:root:No better direction found! Next step size is 500
INFO:root:
--- [Iteration 4/30] ---
INFO:root:Checking north...
INFO:root:Checking northeast...
INFO:root:Checking east...
INFO:root:Checking southeast...
INFO:root:Checking south...
INFO:root:Checking southwest...
INFO:root:Checking west...
INFO:root:Checking northwest...
INFO:root:Found a next Minimum! {'costs': 60.84812025279247, 't_1': 18000, 't_2': 36500, 'small_towers': {Tower(lat=None, lon=None, x=375000, y=5899000, radius=18000), Tower(lat=None, lon=None, x=759000, y=5817000, radius=18000), Tower(lat=None, lon=None, x=581000, y=5529000, radius=18000), Tower(lat=None, lon=None, x=403000, y=5591000, radius=18000), Tower(lat=None, lon=None, x=541000, y=5599000, radius=18000), Tower(lat=None, lon=None, x=475000, y=5615000, radius=18000), Tower(lat=None, lon=None, x=335000, y=5749000, radius=18000), Tower(lat=None, lon=None, x=777000, y=6015000, radius=18000), Tower(lat=None, lon=None, x=797000, y=5823000, radius=18000), Tower(lat=None, lon=None, x=443000, y=5419000, radius=18000), Tower(lat=None, lon=None, x=591000, y=5295000, radius=18000), Tower(lat=None, lon=None, x=493000, y=5975000, radius=18000), Tower(lat=None, lon=None, x=517000, y=6063000, radius=18000), Tower(lat=None, lon=None, x=567000, y=6005000, radius=18000), Tower(lat=None, lon=None, x=833000, y=5677000, radius=18000), Tower(lat=None, lon=None, x=749000, y=5307000, radius=18000), Tower(lat=None, lon=None, x=793000, y=5955000, radius=18000), Tower(lat=None, lon=None, x=827000, y=5403000, radius=18000), Tower(lat=None, lon=None, x=521000, y=5275000, radius=18000), Tower(lat=None, lon=None, x=901000, y=5683000, radius=18000)}, 'large_towers': {Tower(lat=None, lon=None, x=443000, y=5479000, radius=36500), Tower(lat=None, lon=None, x=541000, y=5715000, radius=36500), Tower(lat=None, lon=None, x=575000, y=5383000, radius=36500), Tower(lat=None, lon=None, x=655000, y=5797000, radius=36500), Tower(lat=None, lon=None, x=491000, y=5761000, radius=36500), Tower(lat=None, lon=None, x=511000, y=5407000, radius=36500), Tower(lat=None, lon=None, x=481000, y=5539000, radius=36500), Tower(lat=None, lon=None, x=329000, y=5639000, radius=36500), Tower(lat=None, lon=None, x=459000, y=5903000, radius=36500), Tower(lat=None, lon=None, x=597000, y=5937000, radius=36500), Tower(lat=None, lon=None, x=675000, y=5665000, radius=36500), Tower(lat=None, lon=None, x=351000, y=5697000, radius=36500), Tower(lat=None, lon=None, x=573000, y=5795000, radius=36500), Tower(lat=None, lon=None, x=743000, y=5627000, radius=36500), Tower(lat=None, lon=None, x=683000, y=5971000, radius=36500), Tower(lat=None, lon=None, x=429000, y=5337000, radius=36500), Tower(lat=None, lon=None, x=399000, y=5793000, radius=36500), Tower(lat=None, lon=None, x=713000, y=5403000, radius=36500), Tower(lat=None, lon=None, x=675000, y=5351000, radius=36500), Tower(lat=None, lon=None, x=395000, y=5639000, radius=36500), Tower(lat=None, lon=None, x=333000, y=5481000, radius=36500), Tower(lat=None, lon=None, x=427000, y=5703000, radius=36500), Tower(lat=None, lon=None, x=729000, y=5721000, radius=36500), Tower(lat=None, lon=None, x=873000, y=5783000, radius=36500), Tower(lat=None, lon=None, x=665000, y=5511000, radius=36500)}, 'problem': <Problem.Problem object at 0x00000257955FFFB0>}
INFO:root:
--- [Iteration 5/30] ---
INFO:root:Checking north...
INFO:root:Checking northeast...
INFO:root:Checking east...
INFO:root:Checking southeast...
INFO:root:Checking south...
INFO:root:Checking southwest...
INFO:root:Checking west...
INFO:root:Checking northwest...
INFO:root:No better direction found! Next step size is 250
INFO:root:
--- [Iteration 6/30] ---
INFO:root:Checking north...
INFO:root:Checking northeast...
INFO:root:Checking east...
INFO:root:Checking southeast...
INFO:root:Checking south...
INFO:root:Checking southwest...
INFO:root:Checking west...
INFO:root:Checking northwest...
INFO:root:Found a next Minimum! {'costs': 60.76170119047619, 't_1': 17750, 't_2': 36500, 'small_towers': {Tower(lat=None, lon=None, x=563000, y=6007000, radius=17750), Tower(lat=None, lon=None, x=371000, y=5911000, radius=17750), Tower(lat=None, lon=None, x=453000, y=5415000, radius=17750), Tower(lat=None, lon=None, x=813000, y=5397000, radius=17750), Tower(lat=None, lon=None, x=537000, y=5611000, radius=17750), Tower(lat=None, lon=None, x=341000, y=5743000, radius=17750), Tower(lat=None, lon=None, x=905000, y=5685000, radius=17750), Tower(lat=None, lon=None, x=593000, y=5291000, radius=17750), Tower(lat=None, lon=None, x=729000, y=5299000, radius=17750), Tower(lat=None, lon=None, x=387000, y=5579000, radius=17750), Tower(lat=None, lon=None, x=495000, y=5969000, radius=17750), Tower(lat=None, lon=None, x=577000, y=5531000, radius=17750), Tower(lat=None, lon=None, x=759000, y=5815000, radius=17750), Tower(lat=None, lon=None, x=527000, y=5275000, radius=17750), Tower(lat=None, lon=None, x=771000, y=5939000, radius=17750), Tower(lat=None, lon=None, x=797000, y=5827000, radius=17750), Tower(lat=None, lon=None, x=521000, y=6073000, radius=17750), Tower(lat=None, lon=None, x=473000, y=5615000, radius=17750), Tower(lat=None, lon=None, x=657000, y=5655000, radius=17750), Tower(lat=None, lon=None, x=777000, y=6013000, radius=17750)}, 'large_towers': {Tower(lat=None, lon=None, x=661000, y=5509000, radius=36500), Tower(lat=None, lon=None, x=335000, y=5481000, radius=36500), Tower(lat=None, lon=None, x=725000, y=5713000, radius=36500), Tower(lat=None, lon=None, x=559000, y=5699000, radius=36500), Tower(lat=None, lon=None, x=707000, y=5405000, radius=36500), Tower(lat=None, lon=None, x=875000, y=5783000, radius=36500), Tower(lat=None, lon=None, x=511000, y=5407000, radius=36500), Tower(lat=None, lon=None, x=597000, y=5937000, radius=36500), Tower(lat=None, lon=None, x=491000, y=5763000, radius=36500), Tower(lat=None, lon=None, x=469000, y=5911000, radius=36500), Tower(lat=None, lon=None, x=445000, y=5487000, radius=36500), Tower(lat=None, lon=None, x=475000, y=5535000, radius=36500), Tower(lat=None, lon=None, x=351000, y=5697000, radius=36500), Tower(lat=None, lon=None, x=399000, y=5791000, radius=36500), Tower(lat=None, lon=None, x=435000, y=5337000, radius=36500), Tower(lat=None, lon=None, x=327000, y=5645000, radius=36500), Tower(lat=None, lon=None, x=399000, y=5633000, radius=36500), Tower(lat=None, lon=None, x=667000, y=5347000, radius=36500), Tower(lat=None, lon=None, x=425000, y=5705000, radius=36500), Tower(lat=None, lon=None, x=687000, y=5969000, radius=36500), Tower(lat=None, lon=None, x=805000, y=5661000, radius=36500), Tower(lat=None, lon=None, x=711000, y=5631000, radius=36500), Tower(lat=None, lon=None, x=565000, y=5395000, radius=36500), Tower(lat=None, lon=None, x=655000, y=5803000, radius=36500), Tower(lat=None, lon=None, x=573000, y=5797000, radius=36500)}, 'problem': <Problem.Problem object at 0x0000025C5ED97200>}
INFO:root:
--- [Iteration 7/30] ---
INFO:root:Checking north...
INFO:root:Checking northeast...
INFO:root:Checking east...
INFO:root:Checking southeast...
INFO:root:Checking south...
INFO:root:Checking southwest...
INFO:root:Checking west...
INFO:root:Checking northwest...
INFO:root:Found a next Minimum! {'costs': 60.73647771751912, 't_1': 17500, 't_2': 36750, 'small_towers': {Tower(lat=None, lon=None, x=765000, y=5941000, radius=17500), Tower(lat=None, lon=None, x=905000, y=5691000, radius=17500), Tower(lat=None, lon=None, x=487000, y=5973000, radius=17500), Tower(lat=None, lon=None, x=351000, y=5751000, radius=17500), Tower(lat=None, lon=None, x=541000, y=5601000, radius=17500), Tower(lat=None, lon=None, x=531000, y=6055000, radius=17500), Tower(lat=None, lon=None, x=449000, y=5417000, radius=17500), Tower(lat=None, lon=None, x=651000, y=5655000, radius=17500), Tower(lat=None, lon=None, x=587000, y=5291000, radius=17500), Tower(lat=None, lon=None, x=635000, y=5343000, radius=17500), Tower(lat=None, lon=None, x=523000, y=5283000, radius=17500), Tower(lat=None, lon=None, x=777000, y=6015000, radius=17500), Tower(lat=None, lon=None, x=375000, y=5899000, radius=17500), Tower(lat=None, lon=None, x=811000, y=5395000, radius=17500), Tower(lat=None, lon=None, x=569000, y=6009000, radius=17500), Tower(lat=None, lon=None, x=387000, y=5583000, radius=17500), Tower(lat=None, lon=None, x=577000, y=5531000, radius=17500), Tower(lat=None, lon=None, x=475000, y=5615000, radius=17500)}, 'large_towers': {Tower(lat=None, lon=None, x=347000, y=5485000, radius=36750), Tower(lat=None, lon=None, x=777000, y=5821000, radius=36750), Tower(lat=None, lon=None, x=649000, y=5789000, radius=36750), Tower(lat=None, lon=None, x=561000, y=5691000, radius=36750), Tower(lat=None, lon=None, x=667000, y=5509000, radius=36750), Tower(lat=None, lon=None, x=325000, y=5643000, radius=36750), Tower(lat=None, lon=None, x=351000, y=5695000, radius=36750), Tower(lat=None, lon=None, x=395000, y=5641000, radius=36750), Tower(lat=None, lon=None, x=559000, y=5383000, radius=36750), Tower(lat=None, lon=None, x=489000, y=5765000, radius=36750), Tower(lat=None, lon=None, x=729000, y=5723000, radius=36750), Tower(lat=None, lon=None, x=447000, y=5483000, radius=36750), Tower(lat=None, lon=None, x=597000, y=5937000, radius=36750), Tower(lat=None, lon=None, x=711000, y=5401000, radius=36750), Tower(lat=None, lon=None, x=701000, y=5309000, radius=36750), Tower(lat=None, lon=None, x=573000, y=5795000, radius=36750), Tower(lat=None, lon=None, x=685000, y=5971000, radius=36750), Tower(lat=None, lon=None, x=425000, y=5705000, radius=36750), Tower(lat=None, lon=None, x=429000, y=5337000, radius=36750), Tower(lat=None, lon=None, x=509000, y=5407000, radius=36750), Tower(lat=None, lon=None, x=477000, y=5547000, radius=36750), Tower(lat=None, lon=None, x=461000, y=5903000, radius=36750), Tower(lat=None, lon=None, x=867000, y=5783000, radius=36750), Tower(lat=None, lon=None, x=715000, y=5629000, radius=36750), Tower(lat=None, lon=None, x=799000, y=5653000, radius=36750), Tower(lat=None, lon=None, x=399000, y=5793000, radius=36750)}, 'problem': <Problem.Problem object at 0x0000025C722A7F20>}
INFO:root:
--- [Iteration 8/30] ---
INFO:root:Checking north...
INFO:root:Checking northeast...
INFO:root:Checking east...
INFO:root:Checking southeast...
INFO:root:Checking south...
INFO:root:Checking southwest...
INFO:root:Checking west...
INFO:root:Checking northwest...
INFO:root:No better direction found! Next step size is 125
INFO:root:
--- [Iteration 9/30] ---
INFO:root:Checking north...
INFO:root:Checking northeast...
INFO:root:Checking east...
INFO:root:Checking southeast...
INFO:root:Checking south...
INFO:root:Checking southwest...
INFO:root:Checking west...
INFO:root:Checking northwest...
INFO:root:Found a next Minimum! {'costs': 60.70050462062759, 't_1': 17375, 't_2': 36750, 'small_towers': {Tower(lat=None, lon=None, x=447000, y=5417000, radius=17375), Tower(lat=None, lon=None, x=781000, y=5935000, radius=17375), Tower(lat=None, lon=None, x=497000, y=5965000, radius=17375), Tower(lat=None, lon=None, x=477000, y=5613000, radius=17375), Tower(lat=None, lon=None, x=517000, y=6069000, radius=17375), Tower(lat=None, lon=None, x=385000, y=5579000, radius=17375), Tower(lat=None, lon=None, x=773000, y=6011000, radius=17375), Tower(lat=None, lon=None, x=817000, y=5397000, radius=17375), Tower(lat=None, lon=None, x=347000, y=5749000, radius=17375), Tower(lat=None, lon=None, x=569000, y=6007000, radius=17375), Tower(lat=None, lon=None, x=577000, y=5531000, radius=17375), Tower(lat=None, lon=None, x=913000, y=5689000, radius=17375), Tower(lat=None, lon=None, x=815000, y=5663000, radius=17375), Tower(lat=None, lon=None, x=385000, y=5925000, radius=17375), Tower(lat=None, lon=None, x=541000, y=5589000, radius=17375), Tower(lat=None, lon=None, x=519000, y=5275000, radius=17375), Tower(lat=None, lon=None, x=633000, y=5367000, radius=17375), Tower(lat=None, lon=None, x=589000, y=5281000, radius=17375)}, 'large_towers': {Tower(lat=None, lon=None, x=739000, y=5717000, radius=36750), Tower(lat=None, lon=None, x=777000, y=5821000, radius=36750), Tower(lat=None, lon=None, x=873000, y=5783000, radius=36750), Tower(lat=None, lon=None, x=349000, y=5483000, radius=36750), Tower(lat=None, lon=None, x=663000, y=5513000, radius=36750), Tower(lat=None, lon=None, x=351000, y=5695000, radius=36750), Tower(lat=None, lon=None, x=395000, y=5641000, radius=36750), Tower(lat=None, lon=None, x=481000, y=5545000, radius=36750), Tower(lat=None, lon=None, x=559000, y=5383000, radius=36750), Tower(lat=None, lon=None, x=575000, y=5797000, radius=36750), Tower(lat=None, lon=None, x=713000, y=5331000, radius=36750), Tower(lat=None, lon=None, x=653000, y=5793000, radius=36750), Tower(lat=None, lon=None, x=561000, y=5679000, radius=36750), Tower(lat=None, lon=None, x=663000, y=5659000, radius=36750), Tower(lat=None, lon=None, x=513000, y=5407000, radius=36750), Tower(lat=None, lon=None, x=469000, y=5911000, radius=36750), Tower(lat=None, lon=None, x=597000, y=5937000, radius=36750), Tower(lat=None, lon=None, x=491000, y=5763000, radius=36750), Tower(lat=None, lon=None, x=745000, y=5625000, radius=36750), Tower(lat=None, lon=None, x=327000, y=5637000, radius=36750), Tower(lat=None, lon=None, x=425000, y=5705000, radius=36750), Tower(lat=None, lon=None, x=709000, y=5407000, radius=36750), Tower(lat=None, lon=None, x=683000, y=5973000, radius=36750), Tower(lat=None, lon=None, x=435000, y=5345000, radius=36750), Tower(lat=None, lon=None, x=443000, y=5485000, radius=36750), Tower(lat=None, lon=None, x=399000, y=5793000, radius=36750)}, 'problem': <Problem.Problem object at 0x0000025CAC437FE0>}
INFO:root:
--- [Iteration 10/30] ---
INFO:root:Checking north...
INFO:root:Checking northeast...
INFO:root:Checking east...
INFO:root:Checking southeast...
INFO:root:Checking south...
INFO:root:Checking southwest...
INFO:root:Checking west...
INFO:root:Checking northwest...
INFO:root:No better direction found! Next step size is 62
INFO:root:
--- [Iteration 11/30] ---
INFO:root:Checking north...
INFO:root:Checking northeast...
INFO:root:Checking east...
INFO:root:Checking southeast...
INFO:root:Checking south...
INFO:root:Checking southwest...
INFO:root:Checking west...
INFO:root:Checking northwest...
INFO:root:No better direction found! Next step size is 31
INFO:root:
--- [Iteration 12/30] ---
INFO:root:Checking north...
INFO:root:Checking northeast...
INFO:root:Checking east...
INFO:root:Checking southeast...
INFO:root:Checking south...
INFO:root:Checking southwest...
INFO:root:Checking west...
INFO:root:Checking northwest...
INFO:root:No better direction found! Next step size is 16
INFO:root:
--- [Iteration 13/30] ---
INFO:root:Checking north...
INFO:root:Checking northeast...
INFO:root:Checking east...
INFO:root:Checking southeast...
INFO:root:Checking south...
INFO:root:Checking southwest...
INFO:root:Checking west...
INFO:root:Checking northwest...
INFO:root:Found a next Minimum! {'costs': 60.69595901526921, 't_1': 17359, 't_2': 36750, 'small_towers': {Tower(lat=None, lon=None, x=521000, y=6077000, radius=17359), Tower(lat=None, lon=None, x=907000, y=5673000, radius=17359), Tower(lat=None, lon=None, x=585000, y=5293000, radius=17359), Tower(lat=None, lon=None, x=819000, y=5395000, radius=17359), Tower(lat=None, lon=None, x=477000, y=5613000, radius=17359), Tower(lat=None, lon=None, x=489000, y=5965000, radius=17359), Tower(lat=None, lon=None, x=655000, y=5659000, radius=17359), Tower(lat=None, lon=None, x=773000, y=6011000, radius=17359), Tower(lat=None, lon=None, x=569000, y=6007000, radius=17359), Tower(lat=None, lon=None, x=729000, y=5289000, radius=17359), Tower(lat=None, lon=None, x=577000, y=5531000, radius=17359), Tower(lat=None, lon=None, x=793000, y=5939000, radius=17359), Tower(lat=None, lon=None, x=345000, y=5751000, radius=17359), Tower(lat=None, lon=None, x=529000, y=5283000, radius=17359), Tower(lat=None, lon=None, x=541000, y=5587000, radius=17359), Tower(lat=None, lon=None, x=393000, y=5925000, radius=17359), Tower(lat=None, lon=None, x=447000, y=5417000, radius=17359), Tower(lat=None, lon=None, x=403000, y=5579000, radius=17359)}, 'large_towers': {Tower(lat=None, lon=None, x=663000, y=5511000, radius=36750), Tower(lat=None, lon=None, x=777000, y=5821000, radius=36750), Tower(lat=None, lon=None, x=329000, y=5637000, radius=36750), Tower(lat=None, lon=None, x=685000, y=5969000, radius=36750), Tower(lat=None, lon=None, x=395000, y=5641000, radius=36750), Tower(lat=None, lon=None, x=343000, y=5483000, radius=36750), Tower(lat=None, lon=None, x=349000, y=5697000, radius=36750), Tower(lat=None, lon=None, x=441000, y=5341000, radius=36750), Tower(lat=None, lon=None, x=479000, y=5549000, radius=36750), Tower(lat=None, lon=None, x=419000, y=5717000, radius=36750), Tower(lat=None, lon=None, x=469000, y=5911000, radius=36750), Tower(lat=None, lon=None, x=597000, y=5937000, radius=36750), Tower(lat=None, lon=None, x=873000, y=5779000, radius=36750), Tower(lat=None, lon=None, x=491000, y=5763000, radius=36750), Tower(lat=None, lon=None, x=803000, y=5649000, radius=36750), Tower(lat=None, lon=None, x=653000, y=5801000, radius=36750), Tower(lat=None, lon=None, x=529000, y=5711000, radius=36750), Tower(lat=None, lon=None, x=719000, y=5725000, radius=36750), Tower(lat=None, lon=None, x=447000, y=5477000, radius=36750), Tower(lat=None, lon=None, x=399000, y=5791000, radius=36750), Tower(lat=None, lon=None, x=669000, y=5345000, radius=36750), Tower(lat=None, lon=None, x=711000, y=5403000, radius=36750), Tower(lat=None, lon=None, x=509000, y=5407000, radius=36750), Tower(lat=None, lon=None, x=713000, y=5629000, radius=36750), Tower(lat=None, lon=None, x=575000, y=5381000, radius=36750), Tower(lat=None, lon=None, x=573000, y=5797000, radius=36750)}, 'problem': <Problem.Problem object at 0x0000025D2B8C7FE0>}
INFO:root:
--- [Iteration 14/30] ---
INFO:root:Checking north...
INFO:root:Checking northeast...
INFO:root:Checking east...
INFO:root:Checking southeast...
INFO:root:Checking south...
INFO:root:Checking southwest...
INFO:root:Checking west...
INFO:root:Checking northwest...
INFO:root:No better direction found! Next step size is 8
INFO:root:
--- [Iteration 15/30] ---
INFO:root:Checking north...
INFO:root:Checking northeast...
INFO:root:Checking east...
INFO:root:Checking southeast...
INFO:root:Checking south...
INFO:root:Checking southwest...
INFO:root:Checking west...
INFO:root:Checking northwest...
INFO:root:Found a next Minimum! {'costs': 60.68441964504831, 't_1': 17351, 't_2': 36742, 'small_towers': {Tower(lat=None, lon=None, x=479000, y=5973000, radius=17351), Tower(lat=None, lon=None, x=821000, y=5399000, radius=17351), Tower(lat=None, lon=None, x=449000, y=5415000, radius=17351), Tower(lat=None, lon=None, x=821000, y=5657000, radius=17351), Tower(lat=None, lon=None, x=577000, y=5531000, radius=17351), Tower(lat=None, lon=None, x=541000, y=5587000, radius=17351), Tower(lat=None, lon=None, x=373000, y=5925000, radius=17351), Tower(lat=None, lon=None, x=333000, y=5745000, radius=17351), Tower(lat=None, lon=None, x=521000, y=5287000, radius=17351), Tower(lat=None, lon=None, x=771000, y=5945000, radius=17351), Tower(lat=None, lon=None, x=569000, y=6007000, radius=17351), Tower(lat=None, lon=None, x=521000, y=6063000, radius=17351), Tower(lat=None, lon=None, x=471000, y=5617000, radius=17351), Tower(lat=None, lon=None, x=591000, y=5279000, radius=17351), Tower(lat=None, lon=None, x=903000, y=5691000, radius=17351), Tower(lat=None, lon=None, x=383000, y=5573000, radius=17351), Tower(lat=None, lon=None, x=777000, y=6015000, radius=17351), Tower(lat=None, lon=None, x=727000, y=5301000, radius=17351)}, 'large_towers': {Tower(lat=None, lon=None, x=463000, y=5907000, radius=36742), Tower(lat=None, lon=None, x=597000, y=5937000, radius=36742), Tower(lat=None, lon=None, x=713000, y=5407000, radius=36742), Tower(lat=None, lon=None, x=663000, y=5509000, radius=36742), Tower(lat=None, lon=None, x=445000, y=5473000, radius=36742), Tower(lat=None, lon=None, x=745000, y=5625000, radius=36742), Tower(lat=None, lon=None, x=341000, y=5489000, radius=36742), Tower(lat=None, lon=None, x=399000, y=5791000, radius=36742), Tower(lat=None, lon=None, x=717000, y=5713000, radius=36742), Tower(lat=None, lon=None, x=575000, y=5387000, radius=36742), Tower(lat=None, lon=None, x=327000, y=5639000, radius=36742), Tower(lat=None, lon=None, x=649000, y=5787000, radius=36742), Tower(lat=None, lon=None, x=557000, y=5687000, radius=36742), Tower(lat=None, lon=None, x=427000, y=5703000, radius=36742), Tower(lat=None, lon=None, x=433000, y=5341000, radius=36742), Tower(lat=None, lon=None, x=777000, y=5821000, radius=36742), Tower(lat=None, lon=None, x=669000, y=5637000, radius=36742), Tower(lat=None, lon=None, x=671000, y=5355000, radius=36742), Tower(lat=None, lon=None, x=685000, y=5969000, radius=36742), Tower(lat=None, lon=None, x=879000, y=5781000, radius=36742), Tower(lat=None, lon=None, x=395000, y=5641000, radius=36742), Tower(lat=None, lon=None, x=511000, y=5407000, radius=36742), Tower(lat=None, lon=None, x=489000, y=5765000, radius=36742), Tower(lat=None, lon=None, x=575000, y=5797000, radius=36742), Tower(lat=None, lon=None, x=351000, y=5695000, radius=36742), Tower(lat=None, lon=None, x=481000, y=5539000, radius=36742)}, 'problem': <Problem.Problem object at 0x0000025D6867BFE0>}
INFO:root:
--- [Iteration 16/30] ---
INFO:root:Checking north...
INFO:root:Checking northeast...
INFO:root:Checking east...
INFO:root:Checking southeast...
INFO:root:Checking south...
INFO:root:Checking southwest...
INFO:root:Checking west...
INFO:root:Checking northwest...
INFO:root:No better direction found! Next step size is 4
INFO:root:
--- [Iteration 17/30] ---
INFO:root:Checking north...
INFO:root:Checking northeast...
INFO:root:Checking east...
INFO:root:Checking southeast...
INFO:root:Checking south...
INFO:root:Checking southwest...
INFO:root:Checking west...
